-- phpMyAdmin SQL Dump
-- version 5.1.0
-- https://www.phpmyadmin.net/
--
-- Host: 127.0.0.1
-- Generation Time: Aug 01, 2021 at 10:13 AM
-- Server version: 10.4.19-MariaDB
-- PHP Version: 7.3.28

SET SQL_MODE = "NO_AUTO_VALUE_ON_ZERO";
START TRANSACTION;
SET time_zone = "+00:00";


/*!40101 SET @OLD_CHARACTER_SET_CLIENT=@@CHARACTER_SET_CLIENT */;
/*!40101 SET @OLD_CHARACTER_SET_RESULTS=@@CHARACTER_SET_RESULTS */;
/*!40101 SET @OLD_COLLATION_CONNECTION=@@COLLATION_CONNECTION */;
/*!40101 SET NAMES utf8mb4 */;

--
-- Database: `obcsdb`
--

-- --------------------------------------------------------

--
-- Table structure for table `cells`
--

CREATE TABLE `cells` (
  `codecell` varchar(50) NOT NULL,
  `nameCell` varchar(50) NOT NULL,
  `sectorcode` varchar(50) NOT NULL
) ENGINE=InnoDB DEFAULT CHARSET=latin1;

--
-- Dumping data for table `cells`
--

INSERT INTO `cells` (`codecell`, `nameCell`, `sectorcode`) VALUES
('1010101', 'Akabahizi', '10101'),
('1010102', 'Akabeza', '10101'),
('1010103', 'Gacyamo', '10101'),
('1010104', 'Kigarama', '10101'),
('1010105', 'Kinyange', '10101'),
('1010106', 'Kora', '10101'),
('1010201', 'Nyamweru', '10102'),
('1010202', 'Nzove', '10102'),
('1010203', 'Taba', '10102'),
('1010301', 'Kigali', '10103'),
('1010302', 'Mwendo', '10103'),
('1010303', 'Nyabugogo', '10103'),
('1010304', 'Ruriba', '10103'),
('1010305', 'Rwesero', '10103'),
('1010401', 'Kamuhoza', '10104'),
('1010402', 'Katabaro', '10104'),
('1010403', 'Kimisagara', '10104'),
('1010501', 'Kankuba', '10105'),
('1010502', 'Kavumu', '10105'),
('1010503', 'Mataba', '10105'),
('1010504', 'Ntungamo', '10105'),
('1010505', 'Nyarufunzo', '10105'),
('1010506', 'Nyarurenzi', '10105'),
('1010507', 'Runzenze', '10105'),
('1010601', 'Amahoro', '10106'),
('1010602', 'Kabasengerezi', '10106'),
('1010603', 'Kabeza', '10106'),
('1010604', 'Nyabugogo', '10106'),
('1010605', 'Rugenge', '10106'),
('1010606', 'Tetero', '10106'),
('1010607', 'Ubumwe', '10106'),
('1010701', 'Munanira I', '10107'),
('1010702', 'Munanira Ii', '10107'),
('1010703', 'Nyakabanda I', '10107'),
('1010704', 'Nyakabanda Ii', '10107'),
('1010801', 'Cyivugiza', '10108'),
('1010802', 'Gasharu ', '10108'),
('1010803', 'Mumena', '10108'),
('1010804', 'Rugarama', '10108'),
('1010901', 'Agatare', '10109'),
('1010902', 'Biryogo', '10109'),
('1010903', 'Kiyovu', '10109'),
('1010904', 'Rwampara', '10109'),
('1011001', 'Kabuguru I', '10110'),
('1011002', 'Kabuguru Ii', '10110'),
('1011003', 'Rwezamenyo I', '10110'),
('1011004', 'Rwezamenyo Ii', '10110'),
('1020101', 'Kinyaga', '10201'),
('1020102', 'Musave', '10201'),
('1020103', 'Mvuzo', '10201'),
('1020104', 'Ngara', '10201'),
('1020105', 'Nkuzuzu', '10201'),
('1020106', 'Nyabikenke', '10201'),
('1020107', 'Nyagasozi', '10201'),
('1020201', 'Karuruma', '10202'),
('1020202', 'Nyamabuye ', '10202'),
('1020203', 'Nyamugari', '10202'),
('1020301', 'Gasagara', '10203'),
('1020302', 'Gicaca', '10203'),
('1020303', 'Kibara', '10203'),
('1020304', 'Munini ', '10203'),
('1020305', 'Murambi', '10203'),
('1020401', 'Musezero ', '10204'),
('1020402', 'Ruhango', '10204'),
('1020501', 'Akamatamu', '10205'),
('1020502', 'Bweramvura', '10205'),
('1020503', 'Kabuye', '10205'),
('1020504', 'Kidashya', '10205'),
('1020505', 'Ngiryi', '10205'),
('1020601', 'Agateko', '10206'),
('1020602', 'Buhiza ', '10206'),
('1020603', 'Muko', '10206'),
('1020604', 'Nkusi', '10206'),
('1020605', 'Nyabuliba', '10206'),
('1020606', 'Nyakabungo', '10206'),
('1020607', 'Nyamitanga', '10206'),
('1020701', 'Kamatamu ', '10207'),
('1020702', 'Kamutwa', '10207'),
('1020703', 'Kibaza', '10207'),
('1020801', 'Kamukina', '10208'),
('1020802', 'Kimihurura', '10208'),
('1020803', 'Rugando', '10208'),
('1020901', 'Bibare', '10209'),
('1020902', 'Kibagabaga', '10209'),
('1020903', 'Nyagatovu ', '10209'),
('1021001', 'Gacuriro', '10210'),
('1021002', 'Gasharu', '10210'),
('1021003', 'Kagugu', '10210'),
('1021004', 'Murama', '10210'),
('1021101', 'Bwiza ', '10211'),
('1021102', 'Cyaruzinge', '10211'),
('1021103', 'Kibenga', '10211'),
('1021104', 'Masoro', '10211'),
('1021105', 'Mukuyu', '10211'),
('1021106', 'Rudashya', '10211'),
('1021201', 'Butare', '10212'),
('1021202', 'Gasanze', '10212'),
('1021203', 'Gasura', '10212'),
('1021204', 'Gatunga', '10212'),
('1021205', 'Muremure', '10212'),
('1021206', 'Sha', '10212'),
('1021207', 'Shango', '10212'),
('1021301', 'Nyabisindu', '10213'),
('1021302', 'Nyarutarama', '10213'),
('1021303', 'Rukiri I', '10213'),
('1021304', 'Rukiri Ii', '10213'),
('1021401', 'Bisenga', '10214'),
('1021402', 'Gasagara', '10214'),
('1021403', 'Kabuga I', '10214'),
('1021404', 'Kabuga Ii', '10214'),
('1021405', 'Kinyana', '10214'),
('1021406', 'Mbandazi', '10214'),
('1021407', 'Nyagahinga', '10214'),
('1021408', 'Ruhanga', '10214'),
('1021501', 'Gasabo', '10215'),
('1021502', 'Indatemwa', '10215'),
('1021503', 'Kabaliza', '10215'),
('1021504', 'Kacyatwa', '10215'),
('1021505', 'Kibenga', '10215'),
('1021506', 'Kigabiro', '10215'),
('1030101', 'Gahanga', '10301'),
('1030102', 'Kagasa', '10301'),
('1030103', 'Karembure', '10301'),
('1030104', 'Murinja', '10301'),
('1030105', 'Nunga', '10301'),
('1030106', 'Rwabutenge', '10301'),
('1030201', 'Gatenga', '10302'),
('1030202', 'Karambo', '10302'),
('1030203', 'Nyanza', '10302'),
('1030204', 'Nyarurama', '10302'),
('1030301', 'Kagunga', '10303'),
('1030302', 'Kanserege', '10303'),
('1030303', 'Kinunga', '10303'),
('1030401', 'Kanserege', '10304'),
('1030402', 'Muyange', '10304'),
('1030403', 'Rukatsa', '10304'),
('1030501', 'Busanza ', '10305'),
('1030502', 'Kabeza', '10305'),
('1030503', 'Karama', '10305'),
('1030504', 'Rubirizi', '10305'),
('1030601', 'Gasharu', '10306'),
('1030602', 'Kagina', '10306'),
('1030603', 'Kicukiro', '10306'),
('1030604', 'Ngoma', '10306'),
('1030701', 'Bwerankori', '10307'),
('1030702', 'Karugira', '10307'),
('1030703', 'Kigarama', '10307'),
('1030704', 'Nyarurama', '10307'),
('1030705', 'Rwampara', '10307'),
('1030801', 'Ayabaraya', '10308'),
('1030802', 'Cyimo', '10308'),
('1030803', 'Gako', '10308'),
('1030804', 'Gitaraga', '10308'),
('1030805', 'Mbabe', '10308'),
('1030806', 'Rusheshe', '10308'),
('1030901', 'Gatare', '10309'),
('1030902', 'Niboye', '10309'),
('1030903', 'Nyakabanda', '10309'),
('1031001', 'Kamashashi ', '10310'),
('1031002', 'Nonko', '10310'),
('1031003', 'Rwimbogo', '10310'),
('2010101', 'Gahondo', '20101'),
('2010102', 'Kavumu', '20101'),
('2010103', 'Kibinja', '20101'),
('2010104', 'Nyanza', '20101'),
('2010105', 'Rwesero', '20101'),
('2010201', 'Gitovu', '20102'),
('2010202', 'Kimirama', '20102'),
('2010203', 'Masangano', '20102'),
('2010204', 'Munyinya', '20102'),
('2010205', 'Rukingiro', '20102'),
('2010206', 'Shyira', '20102'),
('2010301', 'Kadaho', '20103'),
('2010302', 'Karama', '20103'),
('2010303', 'Nyabinyenga', '20103'),
('2010304', 'Nyarurama', '20103'),
('2010305', 'Rubona', '20103'),
('2010401', 'Cyeru', '20104'),
('2010402', 'Mbuye', '20104'),
('2010403', 'Mututu', '20104'),
('2010404', 'Rwotso', '20104'),
('2010501', 'Butansinda', '20105'),
('2010502', 'Butara', '20105'),
('2010503', 'Gahombo', '20105'),
('2010504', 'Gasoro', '20105'),
('2010505', 'Mulinja', '20105'),
('2010601', 'Cyerezo', '20106'),
('2010602', 'Gatagara', '20106'),
('2010603', 'Kiruli', '20106'),
('2010604', 'Mpanga', '20106'),
('2010605', 'Ngwa', '20106'),
('2010606', 'Nkomero', '20106'),
('2010701', 'Gati', '20107'),
('2010702', 'Migina', '20107'),
('2010703', 'Nyamiyaga', '20107'),
('2010704', 'Nyamure', '20107'),
('2010705', 'Nyundo', '20107'),
('2010801', 'Bugali', '20108'),
('2010802', 'Cyotamakara', '20108'),
('2010803', 'Kagunga', '20108'),
('2010804', 'Katarara', '20108'),
('2010901', 'Gahunga', '20109'),
('2010902', 'Kabirizi', '20109'),
('2010903', 'Kabuga', '20109'),
('2010904', 'Kirambi', '20109'),
('2010905', 'Rurangazi', '20109'),
('2011001', 'Gacu', '20110'),
('2011002', 'Gishike', '20110'),
('2011003', 'Mubuga', '20110'),
('2011004', 'Mushirarungu', '20110'),
('2011005', 'Nyarusange', '20110'),
('2011006', 'Runga', '20110'),
('2020101', 'Cyiri', '20201'),
('2020102', 'Gasagara', '20201'),
('2020103', 'Gikonko', '20201'),
('2020104', 'Mbogo', '20201'),
('2020201', 'Gabiro', '20202'),
('2020202', 'Nyabitare', '20202'),
('2020203', 'Nyakibungo', '20202'),
('2020204', 'Nyeranzi', '20202'),
('2020301', 'Akaboti', '20203'),
('2020302', 'Bwiza', '20203'),
('2020303', 'Sabusaro', '20203'),
('2020304', 'Umunini', '20203'),
('2020401', 'Duwani', '20204'),
('2020402', 'Kibirizi', '20204'),
('2020403', 'Muyira', '20204'),
('2020404', 'Ruturo', '20204'),
('2020501', 'Agahabwa', '20205'),
('2020502', 'Gatovu', '20205'),
('2020503', 'Impinga', '20205'),
('2020504', 'Nyabikenke', '20205'),
('2020505', 'Rubona', '20205'),
('2020506', 'Rusagara', '20205'),
('2020601', 'Gakoma', '20206'),
('2020602', 'Kabumbwe', '20206'),
('2020603', 'Mamba', '20206'),
('2020604', 'Muyaga', '20206'),
('2020605', 'Ramba', '20206'),
('2020701', 'Cyumba', '20207'),
('2020702', 'Muganza', '20207'),
('2020703', 'Remera', '20207'),
('2020704', 'Rwamiko', '20207'),
('2020705', 'Saga', '20207'),
('2020801', 'Baziro', '20208'),
('2020802', 'Kibayi', '20208'),
('2020803', 'Kibu', '20208'),
('2020804', 'Mugombwa', '20208'),
('2020805', 'Mukomacara', '20208'),
('2020901', 'Gitega', '20209'),
('2020902', 'Mukiza', '20209'),
('2020903', 'Nyabisagara', '20209'),
('2020904', 'Runyinya', '20209'),
('2021001', 'Bukinanyana', '20210'),
('2021002', 'Gatovu', '20210'),
('2021003', 'Kigarama', '20210'),
('2021004', 'Kimana', '20210'),
('2021101', 'Bweya', '20211'),
('2021102', 'Cyamukuza', '20211'),
('2021103', 'Dahwe', '20211'),
('2021104', 'Gisagara', '20211'),
('2021105', 'Mukande', '20211'),
('2021201', 'Higiro', '20212'),
('2021202', 'Nyamugari', '20212'),
('2021203', 'Nyaruteja', '20212'),
('2021204', 'Umubanga', '20212'),
('2021301', 'Gatoki', '20213'),
('2021302', 'Munazi', '20213'),
('2021303', 'Rwanza', '20213'),
('2021304', 'Shyanda', '20213'),
('2021305', 'Zivu', '20213'),
('2030101', 'Kirarangombe', '20301'),
('2030102', 'Nkanda', '20301'),
('2030103', 'Nteko', '20301'),
('2030104', 'Runyombyi', '20301'),
('2030105', 'Shororo', '20301'),
('2030201', 'Coko', '20302'),
('2030202', 'Cyahinda', '20302'),
('2030203', 'Gasasa', '20302'),
('2030204', 'Muhambara', '20302'),
('2030205', 'Rutobwe', '20302'),
('2030301', 'Gakoma', '20303'),
('2030302', 'Kibeho', '20303'),
('2030303', 'Mbasa', '20303'),
('2030304', 'Mpanda', '20303'),
('2030305', 'Mubuga', '20303'),
('2030306', 'Nyange', '20303'),
('2030401', 'Cyanyirankora', '20304'),
('2030402', 'Gahurizo', '20304'),
('2030403', 'Kimina', '20304'),
('2030404', 'Kivu', '20304'),
('2030405', 'Rugerero', '20304'),
('2030501', 'Gorwe', '20305'),
('2030502', 'Murambi', '20305'),
('2030503', 'Nyamabuye', '20305'),
('2030504', 'Ramba', '20305'),
('2030505', 'Rwamiko', '20305'),
('2030601', 'Muganza', '20306'),
('2030602', 'Rukore', '20306'),
('2030603', 'Samiyonga', '20306'),
('2030604', 'Uwacyiza', '20306'),
('2030701', 'Giheta', '20307'),
('2030702', 'Ngarurira', '20307'),
('2030703', 'Ngeri', '20307'),
('2030704', 'Ntwali', '20307'),
('2030705', 'Nyarure', '20307'),
('2030801', 'Bitare', '20308'),
('2030802', 'Mukuge', '20308'),
('2030803', 'Murama', '20308'),
('2030804', 'Nyamirama', '20308'),
('2030805', 'Nyanza', '20308'),
('2030806', 'Yaramba', '20308'),
('2030901', 'Fugi', '20309'),
('2030902', 'Kibangu', '20309'),
('2030903', 'Kiyonza', '20309'),
('2030904', 'Mbuye', '20309'),
('2030905', 'Nyamirama', '20309'),
('2030906', 'Rubona', '20309'),
('2031001', 'Gihemvu', '20310'),
('2031002', 'Kabere', '20310'),
('2031003', 'Mishungero', '20310'),
('2031004', 'Nyabimata', '20310'),
('2031005', 'Ruhinga', '20310'),
('2031101', 'Maraba', '20311'),
('2031102', 'Mwoya', '20311'),
('2031103', 'Nkakwa', '20311'),
('2031104', 'Nyagisozi', '20311'),
('2031201', 'Gitita', '20312'),
('2031202', 'Kabere', '20312'),
('2031203', 'Remera', '20312'),
('2031204', 'Ruyenzi', '20312'),
('2031205', 'Uwumusebeya', '20312'),
('2031301', 'Gabiro', '20313'),
('2031302', 'Giseke', '20313'),
('2031303', 'Nyarugano', '20313'),
('2031304', 'Rugogwe', '20313'),
('2031305', 'Ruramba', '20313'),
('2031401', 'Bunge', '20314'),
('2031402', 'Cyuna', '20314'),
('2031403', 'Gikunzi', '20314'),
('2031404', 'Mariba', '20314'),
('2031405', 'Raranzige', '20314'),
('2031406', 'Rusenge', '20314'),
('2040101', 'Nyakibanda', '20401'),
('2040102', 'Nyumba', '20401'),
('2040103', 'Ryakibogo', '20401'),
('2040104', 'Shori', '20401'),
('2040201', 'Muyogoro', '20402'),
('2040202', 'Nyakagezi', '20402'),
('2040203', 'Rukira', '20402'),
('2040204', 'Sovu', '20402'),
('2040301', 'Buhoro', '20403'),
('2040302', 'Bunazi', '20403'),
('2040303', 'Gahororo', '20403'),
('2040304', 'Kibingo', '20403'),
('2040305', 'Muhembe', '20403'),
('2040401', 'Gishihe', '20404'),
('2040402', 'Kabatwa', '20404'),
('2040403', 'Kabuga', '20404'),
('2040404', 'Karambi', '20404'),
('2040405', 'Musebeya', '20404'),
('2040406', 'Nyabisindu', '20404'),
('2040407', 'Rugarama', '20404'),
('2040408', 'Shanga', '20404'),
('2040501', 'Byinza', '20405'),
('2040502', 'Gahana', '20405'),
('2040503', 'Gitovu', '20405'),
('2040504', 'Kabona', '20405'),
('2040505', 'Sazange', '20405'),
('2040601', 'Buremera', '20406'),
('2040602', 'Gasumba', '20406'),
('2040603', 'Kabuye', '20406'),
('2040604', 'Kanyinya', '20406'),
('2040605', 'Shanga', '20406'),
('2040606', 'Shyembe', '20406'),
('2040701', 'Gatobotobo', '20407'),
('2040702', 'Kabuga', '20407'),
('2040703', 'Mutunda', '20407'),
('2040704', 'Mwulire', '20407'),
('2040705', 'Rugango', '20407'),
('2040706', 'Rusagara', '20407'),
('2040707', 'Tare', '20407'),
('2040801', 'Bukomeye', '20408'),
('2040802', 'Buvumu', '20408'),
('2040803', 'Icyeru', '20408'),
('2040804', 'Rango A', '20408'),
('2040901', 'Butare', '20409'),
('2040902', 'Kaburemera', '20409'),
('2040903', 'Matyazo', '20409'),
('2040904', 'Ngoma', '20409'),
('2041001', 'Busheshi', '20410'),
('2041002', 'Gatovu', '20410'),
('2041003', 'Karama', '20410'),
('2041004', 'Mara', '20410'),
('2041005', 'Muhororo', '20410'),
('2041006', 'Rugogwe', '20410'),
('2041007', 'Ruhashya', '20410'),
('2041101', 'Buhimba', '20411'),
('2041102', 'Gafumba', '20411'),
('2041103', 'Kimirehe', '20411'),
('2041104', 'Kimuna', '20411'),
('2041105', 'Kiruhura', '20411'),
('2041106', 'Mugogwe', '20411'),
('2041201', 'Gatwaro', '20412'),
('2041202', 'Kamwambi', '20412'),
('2041203', 'Kibiraro', '20412'),
('2041204', 'Mwendo', '20412'),
('2041205', 'Nyamabuye', '20412'),
('2041206', 'Nyaruhombo', '20412'),
('2041207', 'Shyunga', '20412'),
('2041301', 'Cyendajuru', '20413'),
('2041302', 'Gisakura', '20413'),
('2041303', 'Kabusanza', '20413'),
('2041304', 'Mugobore', '20413'),
('2041305', 'Nyangazi', '20413'),
('2041401', 'Cyarwa', '20414'),
('2041402', 'Cyimana', '20414'),
('2041403', 'Gitwa', '20414'),
('2041404', 'Mpare', '20414'),
('2041405', 'Rango B', '20414'),
('2050101', 'Bushigishigi', '20501'),
('2050102', 'Byimana', '20501'),
('2050103', 'Gifurwe', '20501'),
('2050104', 'Kizimyamuriro', '20501'),
('2050105', 'Munini', '20501'),
('2050106', 'Rambya', '20501'),
('2050201', 'Gitega', '20502'),
('2050202', 'Karama', '20502'),
('2050203', 'Kiyumba', '20502'),
('2050204', 'Ngoma', '20502'),
('2050205', 'Nyanza', '20502'),
('2050206', 'Nyanzoga', '20502'),
('2050301', 'Kigeme', '20503'),
('2050302', 'Ngiryi', '20503'),
('2050303', 'Nyabivumu', '20503'),
('2050304', 'Nyamugari', '20503'),
('2050305', 'Nzega', '20503'),
('2050306', 'Remera', '20503'),
('2050401', 'Bakopfu', '20504'),
('2050402', 'Gatare', '20504'),
('2050403', 'Mukongoro', '20504'),
('2050404', 'Ruganda', '20504'),
('2050405', 'Shyeru', '20504'),
('2050501', 'Kavumu', '20505'),
('2050502', 'Murambi', '20505'),
('2050503', 'Musenyi', '20505'),
('2050504', 'Nyabisindu', '20505'),
('2050505', 'Nyamiyaga', '20505'),
('2050601', 'Bwama', '20506'),
('2050602', 'Kamegeri', '20506'),
('2050603', 'Kirehe', '20506'),
('2050604', 'Kizi', '20506'),
('2050605', 'Nyarusiza', '20506'),
('2050606', 'Rususa', '20506'),
('2050701', 'Bugarama', '20507'),
('2050702', 'Bugarura', '20507'),
('2050703', 'Gashiha', '20507'),
('2050704', 'Karambo', '20507'),
('2050705', 'Ruhunga', '20507'),
('2050706', 'Uwindekezi', '20507'),
('2050801', 'Bwenda', '20508'),
('2050802', 'Gakanka', '20508'),
('2050803', 'Kibibi', '20508'),
('2050804', 'Nyakiza', '20508'),
('2050901', 'Kagano', '20509'),
('2050902', 'Mujuga', '20509'),
('2050903', 'Mukungu', '20509'),
('2050904', 'Shaba', '20509'),
('2050905', 'Uwingugu', '20509'),
('2051001', 'Manwari', '20510'),
('2051002', 'Mutiwingoma', '20510'),
('2051003', 'Ngambi', '20510'),
('2051004', 'Ngara', '20510'),
('2051101', 'Gitondorero', '20511'),
('2051102', 'Gitwa', '20511'),
('2051103', 'Ruhinga', '20511'),
('2051104', 'Sovu', '20511'),
('2051105', 'Suti', '20511'),
('2051106', 'Yonde', '20511'),
('2051201', 'Gasave', '20512'),
('2051202', 'Jenda', '20512'),
('2051203', 'Masagara', '20512'),
('2051204', 'Masangano', '20512'),
('2051205', 'Masizi', '20512'),
('2051206', 'Nyagisozi', '20512'),
('2051301', 'Gatovu', '20513'),
('2051302', 'Nyarurambi', '20513'),
('2051303', 'Rugano', '20513'),
('2051304', 'Runege', '20513'),
('2051305', 'Rusekera', '20513'),
('2051306', 'Sekera', '20513'),
('2051401', 'Buteteri', '20514'),
('2051402', 'Cyobe', '20514'),
('2051403', 'Gashwati', '20514'),
('2051501', 'Bitandara', '20515'),
('2051502', 'Musaraba', '20515'),
('2051503', 'Mutengeri', '20515'),
('2051504', 'Nkomane', '20515'),
('2051505', 'Nyarwungo', '20515'),
('2051506', 'Twiya', '20515'),
('2051601', 'Buhoro', '20516'),
('2051602', 'Gasarenda', '20516'),
('2051603', 'Gatovu', '20516'),
('2051604', 'Kaganza', '20516'),
('2051605', 'Nkumbure', '20516'),
('2051606', 'Nyamigina', '20516'),
('2051701', 'Bigumira', '20517'),
('2051702', 'Gahira', '20517'),
('2051703', 'Kibyagira', '20517'),
('2051704', 'Mudasomwa', '20517'),
('2051705', 'Munyege', '20517'),
('2051706', 'Rugogwe', '20517'),
('2060101', 'Buhanda', '20601'),
('2060102', 'Gitisi', '20601'),
('2060103', 'Murama', '20601'),
('2060104', 'Rubona', '20601'),
('2060105', 'Rwinyana', '20601'),
('2060201', 'Kamusenyi', '20602'),
('2060202', 'Kirengeri', '20602'),
('2060203', 'Mahembe', '20602'),
('2060204', 'Mpanda', '20602'),
('2060205', 'Muhororo', '20602'),
('2060206', 'Ntenyo', '20602'),
('2060207', 'Nyakabuye', '20602'),
('2060301', 'Bihembe', '20603'),
('2060302', 'Karambi', '20603'),
('2060303', 'Munanira', '20603'),
('2060304', 'Remera', '20603'),
('2060305', 'Rwesero', '20603'),
('2060306', 'Rwoga', '20603'),
('2060401', 'Burima', '20604'),
('2060402', 'Gisali', '20604'),
('2060403', 'Kinazi', '20604'),
('2060404', 'Rubona', '20604'),
('2060405', 'Rutabo', '20604'),
('2060501', 'Bweramvura', '20605'),
('2060502', 'Gitinda', '20605'),
('2060503', 'Kirwa', '20605'),
('2060504', 'Muyunzwe', '20605'),
('2060505', 'Nyakogo', '20605'),
('2060506', 'Rukina', '20605'),
('2060601', 'Cyanza', '20606'),
('2060602', 'Gisanga', '20606'),
('2060603', 'Kabuga', '20606'),
('2060604', 'Kizibere', '20606'),
('2060605', 'Mbuye', '20606'),
('2060606', 'Mwendo', '20606'),
('2060607', 'Nyakarekare', '20606'),
('2060701', 'Gafunzo', '20607'),
('2060702', 'Gishweru', '20607'),
('2060703', 'Kamujisho', '20607'),
('2060704', 'Kigarama', '20607'),
('2060705', 'Kubutare', '20607'),
('2060706', 'Mutara', '20607'),
('2060707', 'Nyabibugu', '20607'),
('2060708', 'Saruheshyi', '20607'),
('2060801', 'Gako', '20608'),
('2060802', 'Kareba', '20608'),
('2060803', 'Kayenzi', '20608'),
('2060804', 'Kebero', '20608'),
('2060805', 'Nyagisozi', '20608'),
('2060806', 'Nyakabungo', '20608'),
('2060807', 'Nyarurama', '20608'),
('2060901', 'Buhoro', '20609'),
('2060902', 'Bunyogombe', '20609'),
('2060903', 'Gikoma', '20609'),
('2060904', 'Munini', '20609'),
('2060905', 'Musamo', '20609'),
('2060906', 'Nyamagana', '20609'),
('2060907', 'Rwoga', '20609'),
('2060908', 'Tambwe', '20609'),
('2070101', 'Biringaga', '20701'),
('2070102', 'Kigarama', '20701'),
('2070103', 'Kivumu', '20701'),
('2070104', 'Makera', '20701'),
('2070105', 'Nyarunyinya', '20701'),
('2070106', 'Shori', '20701'),
('2070201', 'Buramba', '20702'),
('2070202', 'Butare', '20702'),
('2070203', 'Kabuye', '20702'),
('2070204', 'Kavumu', '20702'),
('2070205', 'Kibyimba', '20702'),
('2070206', 'Ngarama', '20702'),
('2070207', 'Ngoma', '20702'),
('2070208', 'Sholi', '20702'),
('2070301', 'Gisharu', '20703'),
('2070302', 'Gitega', '20703'),
('2070303', 'Jurwe', '20703'),
('2070304', 'Mubuga', '20703'),
('2070305', 'Rubyiniro', '20703'),
('2070306', 'Ryakanimba', '20703'),
('2070401', 'Budende', '20704'),
('2070402', 'Ndago', '20704'),
('2070403', 'Remera', '20704'),
('2070404', 'Ruhina', '20704'),
('2070405', 'Rukeri', '20704'),
('2070501', 'Kanyinya', '20705'),
('2070502', 'Nganzo', '20705'),
('2070503', 'Nyamirama', '20705'),
('2070504', 'Remera', '20705'),
('2070505', 'Tyazo', '20705'),
('2070601', 'Matyazo', '20706'),
('2070602', 'Munazi', '20706'),
('2070603', 'Nyagasozi', '20706'),
('2070604', 'Rukaragata', '20706'),
('2070605', 'Rwasare', '20706'),
('2070606', 'Rwigerero', '20706'),
('2070701', 'Gashorera', '20707'),
('2070702', 'Masangano', '20707'),
('2070703', 'Mbuga', '20707'),
('2070704', 'Muvumba', '20707'),
('2070705', 'Nyarusozi', '20707'),
('2070801', 'Gahogo', '20708'),
('2070802', 'Gifumba', '20708'),
('2070803', 'Gitarama', '20708'),
('2070804', 'Remera', '20708'),
('2070901', 'Mbiriri', '20709'),
('2070902', 'Musongati', '20709'),
('2070903', 'Ngaru', '20709'),
('2070904', 'Rusovu', '20709'),
('2071001', 'Gasagara', '20710'),
('2071002', 'Gasharu', '20710'),
('2071003', 'Karambo', '20710'),
('2071004', 'Nyamirambo', '20710'),
('2071005', 'Ruhango', '20710'),
('2071101', 'Gasave', '20711'),
('2071102', 'Kanyana', '20711'),
('2071103', 'Kibaga', '20711'),
('2071104', 'Mpinga', '20711'),
('2071105', 'Nsanga', '20711'),
('2071201', 'Kinini', '20712'),
('2071202', 'Mbare', '20712'),
('2071203', 'Mubuga', '20712'),
('2071204', 'Ruli', '20712'),
('2080101', 'Gihinga', '20801'),
('2080102', 'Gihira', '20801'),
('2080103', 'Kigembe', '20801'),
('2080104', 'Nkingo', '20801'),
('2080201', 'Bitare', '20802'),
('2080202', 'Bunyonga', '20802'),
('2080203', 'Muganza', '20802'),
('2080204', 'Nyamirembe', '20802'),
('2080301', 'Bugarama', '20803'),
('2080302', 'Cubi', '20803'),
('2080303', 'Kayonza', '20803'),
('2080304', 'Kirwa', '20803'),
('2080305', 'Mataba', '20803'),
('2080306', 'Nyamirama', '20803'),
('2080401', 'Busoro', '20804'),
('2080402', 'Gaseke', '20804'),
('2080403', 'Giko', '20804'),
('2080404', 'Muyange', '20804'),
('2080501', 'Jenda', '20805'),
('2080502', 'Kabugondo', '20805'),
('2080503', 'Mbati', '20805'),
('2080504', 'Mugina', '20805'),
('2080505', 'Nteko', '20805'),
('2080601', 'Buhoro', '20806'),
('2080602', 'Cyambwe', '20806'),
('2080603', 'Karengera', '20806'),
('2080604', 'Kivumu', '20806'),
('2080605', 'Mpushi', '20806'),
('2080606', 'Rukambura', '20806'),
('2080701', 'Kabuga', '20807'),
('2080702', 'Kazirabonde', '20807'),
('2080703', 'Marembo', '20807'),
('2080801', 'Bibungo', '20808'),
('2080802', 'Kabashumba', '20808'),
('2080803', 'Kidahwe', '20808'),
('2080804', 'Mukinga', '20808'),
('2080805', 'Ngoma', '20808'),
('2080901', 'Gitare', '20809'),
('2080902', 'Kambyeyi', '20809'),
('2080903', 'Kigusa', '20809'),
('2080904', 'Nyagishubi', '20809'),
('2080905', 'Ruyanza', '20809'),
('2081001', 'Bihembe', '20810'),
('2081002', 'Kigese', '20810'),
('2081003', 'Masaka', '20810'),
('2081004', 'Nyarubuye', '20810'),
('2081005', 'Sheli', '20810'),
('2081101', 'Bugoba', '20811'),
('2081102', 'Buguri', '20811'),
('2081103', 'Gishyeshye', '20811'),
('2081104', 'Murehe', '20811'),
('2081105', 'Mwirute', '20811'),
('2081106', 'Remera', '20811'),
('2081107', 'Taba', '20811'),
('2081201', 'Gihara', '20812'),
('2081202', 'Kabagesera', '20812'),
('2081203', 'Kagina', '20812'),
('2081204', 'Muganza', '20812'),
('2081205', 'Ruyenzi', '20812'),
('3010101', 'Burunga', '30101'),
('3010102', 'Gasura', '30101'),
('3010103', 'Gitarama', '30101'),
('3010104', 'Kayenzi', '30101'),
('3010105', 'Kibuye', '30101'),
('3010106', 'Kiniha', '30101'),
('3010107', 'Nyarusazi', '30101'),
('3010201', 'Birambo', '30102'),
('3010202', 'Musasa', '30102'),
('3010203', 'Mwendo', '30102'),
('3010204', 'Rugobagoba', '30102'),
('3010205', 'Tongati', '30102'),
('3010301', 'Buhoro', '30103'),
('3010302', 'Cyanya', '30103'),
('3010303', 'Kigarama', '30103'),
('3010304', 'Munanira', '30103'),
('3010305', 'Musasa', '30103'),
('3010306', 'Ngoma', '30103'),
('3010401', 'Gasharu', '30104'),
('3010402', 'Gitega', '30104'),
('3010403', 'Kanunga', '30104'),
('3010404', 'Kirambo', '30104'),
('3010405', 'Munanira', '30104'),
('3010406', 'Nyamiringa', '30104'),
('3010407', 'Ruhinga', '30104'),
('3010408', 'Rwariro', '30104'),
('3010501', 'Kagabiro', '30105'),
('3010502', 'Murangara', '30105'),
('3010503', 'Nyagatovu', '30105'),
('3010504', 'Ryaruhanga', '30105'),
('3010601', 'Mubuga', '30106'),
('3010602', 'Muhororo', '30106'),
('3010603', 'Nkoto', '30106'),
('3010604', 'Nyarunyinya', '30106'),
('3010605', 'Shyembe', '30106'),
('3010701', 'Bukiro', '30107'),
('3010702', 'Kabaya', '30107'),
('3010703', 'Kamina', '30107'),
('3010704', 'Kareba', '30107'),
('3010705', 'Nyamushishi', '30107'),
('3010706', 'Nzaratsi', '30107'),
('3010801', 'Byogo', '30108'),
('3010802', 'Gasharu', '30108'),
('3010803', 'Gisayura', '30108'),
('3010804', 'Kanyege', '30108'),
('3010805', 'Kinyonzwe', '30108'),
('3010806', 'Murengezo', '30108'),
('3010807', 'Rwufi', '30108'),
('3010901', 'Bubazi', '30109'),
('3010902', 'Gacaca', '30109'),
('3010903', 'Gisanze', '30109'),
('3010904', 'Gitwa', '30109'),
('3010905', 'Kibirizi', '30109'),
('3010906', 'Mataba', '30109'),
('3010907', 'Nyarugenge', '30109'),
('3010908', 'Ruragwe', '30109'),
('3011001', 'Gisiza', '30110'),
('3011002', 'Gitega', '30110'),
('3011003', 'Gitovu', '30110'),
('3011004', 'Kabuga', '30110'),
('3011005', 'Mubuga', '30110'),
('3011006', 'Mucyimba', '30110'),
('3011007', 'Rufungo', '30110'),
('3011008', 'Rwungo', '30110'),
('3011009', 'Tyazo', '30110'),
('3011101', 'Biguhu', '30111'),
('3011102', 'Kabingo', '30111'),
('3011103', 'Kinyovu', '30111'),
('3011104', 'Kivumu', '30111'),
('3011105', 'Nyabikeri', '30111'),
('3011106', 'Nyamugwagwa', '30111'),
('3011107', 'Rubona', '30111'),
('3011108', 'Rugobagoba', '30111'),
('3011201', 'Bigugu', '30112'),
('3011202', 'Bisesero', '30112'),
('3011203', 'Gasata', '30112'),
('3011204', 'Munini', '30112'),
('3011205', 'Nyakamira', '30112'),
('3011206', 'Nyarusanga', '30112'),
('3011207', 'Rubazo', '30112'),
('3011208', 'Rubumba', '30112'),
('3011301', 'Bihumbe', '30113'),
('3011302', 'Gakuta', '30113'),
('3011303', 'Gisovu', '30113'),
('3011304', 'Gitabura', '30113'),
('3011305', 'Kavumu', '30113'),
('3011306', 'Murehe', '30113'),
('3011307', 'Rutabi', '30113'),
('3020101', 'Bushaka', '30201'),
('3020102', 'Kabihogo', '30201'),
('3020103', 'Nkira', '30201'),
('3020104', 'Remera', '30201'),
('3020201', 'Bugina', '30202'),
('3020202', 'Congo-nil', '30202'),
('3020203', 'Mataba', '30202'),
('3020204', 'Murambi', '30202'),
('3020205', 'Ruhingo', '30202'),
('3020206', 'Shyembe', '30202'),
('3020207', 'Teba', '30202'),
('3020301', 'Buhindure', '30203'),
('3020302', 'Nkora', '30203'),
('3020303', 'Nyagahinika', '30203'),
('3020304', 'Rukaragata', '30203'),
('3020401', 'Bunyoni', '30204'),
('3020402', 'Bunyunju', '30204'),
('3020403', 'Kabere', '30204'),
('3020404', 'Kabujenje', '30204'),
('3020405', 'Karambi', '30204'),
('3020406', 'Nganzo', '30204'),
('3020501', 'Haniro', '30205'),
('3020502', 'Muyira', '30205'),
('3020503', 'Tangabo', '30205'),
('3020601', 'Kabuga', '30206'),
('3020602', 'Kagano', '30206'),
('3020603', 'Kageyo', '30206'),
('3020604', 'Kagusa', '30206'),
('3020605', 'Karambo', '30206'),
('3020606', 'Mwendo', '30206'),
('3020701', 'Kirwa', '30207'),
('3020702', 'Mburamazi', '30207'),
('3020703', 'Rugeyo', '30207'),
('3020704', 'Twabugezi', '30207'),
('3020801', 'Gabiro', '30208'),
('3020802', 'Gisiza', '30208'),
('3020803', 'Murambi', '30208'),
('3020804', 'Nyarubuye', '30208'),
('3020901', 'Biruyi', '30209'),
('3020902', 'Kaguriro', '30209'),
('3020903', 'Magaba', '30209'),
('3020904', 'Rurara', '30209'),
('3021001', 'Bumba', '30210'),
('3021002', 'Cyarusera', '30210'),
('3021003', 'Gitwa', '30210'),
('3021004', 'Mageragere', '30210'),
('3021005', 'Sure', '30210'),
('3021101', 'Busuku', '30211'),
('3021102', 'Cyivugiza', '30211'),
('3021103', 'Mubuga', '30211'),
('3021104', 'Ngoma', '30211'),
('3021105', 'Terimbere', '30211'),
('3021201', 'Gatare', '30212'),
('3021202', 'Gihira', '30212'),
('3021203', 'Kavumu', '30212'),
('3021204', 'Nyakarera', '30212'),
('3021205', 'Rugasa', '30212'),
('3021206', 'Rundoyi', '30212'),
('3021301', 'Kabona', '30213'),
('3021302', 'Mberi', '30213'),
('3021303', 'Remera', '30213'),
('3021304', 'Ruronde', '30213'),
('3030101', 'Buringo', '30301'),
('3030102', 'Butaka', '30301'),
('3030103', 'Hehu', '30301'),
('3030104', 'Kabumba', '30301'),
('3030105', 'Mutovu', '30301'),
('3030106', 'Nsherima', '30301'),
('3030107', 'Rusiza', '30301'),
('3030201', 'Gacurabwenge', '30302'),
('3030202', 'Gasiza', '30302'),
('3030203', 'Gihonga', '30302'),
('3030204', 'Kageshi', '30302'),
('3030205', 'Makoro', '30302'),
('3030206', 'Nyacyonga', '30302'),
('3030207', 'Rusura', '30302'),
('3030301', 'Busigari', '30303'),
('3030302', 'Cyanzarwe', '30303'),
('3030303', 'Gora', '30303'),
('3030304', 'Kinyanzovu', '30303'),
('3030305', 'Makurizo', '30303'),
('3030306', 'Rwangara', '30303'),
('3030307', 'Rwanzekuma', '30303'),
('3030308', 'Ryabizige', '30303'),
('3030401', 'Amahoro', '30304'),
('3030402', 'Bugoyi', '30304'),
('3030403', 'Kivumu', '30304'),
('3030404', 'Mbugangari', '30304'),
('3030405', 'Nengo', '30304'),
('3030406', 'Rubavu', '30304'),
('3030407', 'Umuganda', '30304'),
('3030501', 'Kamuhoza', '30305'),
('3030502', 'Karambo', '30305'),
('3030503', 'Mahoko', '30305'),
('3030504', 'Musabike', '30305'),
('3030505', 'Nkomane', '30305'),
('3030506', 'Rusongati', '30305'),
('3030507', 'Yungwe', '30305'),
('3030601', 'Kanyirabigogo', '30306'),
('3030602', 'Kirerema', '30306'),
('3030603', 'Muramba', '30306'),
('3030604', 'Nyamikongi', '30306'),
('3030605', 'Nyamirango', '30306'),
('3030606', 'Nyaruteme', '30306'),
('3030701', 'Bihungwe', '30307'),
('3030702', 'Kanyundo', '30307'),
('3030703', 'Micinyiro', '30307'),
('3030704', 'Mirindi', '30307'),
('3030705', 'Ndoranyi', '30307'),
('3030706', 'Rungu', '30307'),
('3030707', 'Rwanyakayaga', '30307'),
('3030801', 'Bisizi', '30308'),
('3030802', 'Gikombe', '30308'),
('3030803', 'Kanyefurwe', '30308'),
('3030804', 'Nyarushyamba', '30308'),
('3030901', 'Burushya', '30309'),
('3030902', 'Busoro', '30309'),
('3030903', 'Kinigi', '30309'),
('3030904', 'Kiraga', '30309'),
('3030905', 'Munanira', '30309'),
('3030906', 'Rubona', '30309'),
('3031001', 'Bahimba', '30310'),
('3031002', 'Gatovu', '30310'),
('3031003', 'Kavomo', '30310'),
('3031004', 'Kigarama', '30310'),
('3031005', 'Mukondo', '30310'),
('3031006', 'Nyundo', '30310'),
('3031007', 'Terimbere', '30310'),
('3031101', 'Buhaza', '30311'),
('3031102', 'Burinda', '30311'),
('3031103', 'Byahi', '30311'),
('3031104', 'Gikombe', '30311'),
('3031105', 'Murambi', '30311'),
('3031106', 'Murara', '30311'),
('3031107', 'Rukoko', '30311'),
('3031201', 'Basa', '30312'),
('3031202', 'Gisa', '30312'),
('3031203', 'Kabilizi', '30312'),
('3031204', 'Muhira', '30312'),
('3031205', 'Rugerero', '30312'),
('3031206', 'Rushubi', '30312'),
('3031207', 'Rwaza', '30312'),
('3040101', 'Arusha', '30401'),
('3040102', 'Basumba', '30401'),
('3040103', 'Kijote', '30401'),
('3040104', 'Kora', '30401'),
('3040105', 'Muhe', '30401'),
('3040106', 'Rega', '30401'),
('3040201', 'Bukinanyana', '30402'),
('3040202', 'Gasizi', '30402'),
('3040203', 'Kabatezi', '30402'),
('3040204', 'Kareba', '30402'),
('3040205', 'Nyirakigugu', '30402'),
('3040206', 'Rega', '30402'),
('3040301', 'Gasiza', '30403'),
('3040302', 'Gasura', '30403'),
('3040303', 'Gisizi', '30403'),
('3040304', 'Guriro', '30403'),
('3040305', 'Kavumu', '30403'),
('3040306', 'Nyamitanzi', '30403'),
('3040401', 'Batikoti', '30404'),
('3040402', 'Cyamvumba', '30404'),
('3040403', 'Gihorwe', '30404'),
('3040404', 'Myuga', '30404'),
('3040405', 'Ngando', '30404'),
('3040406', 'Rugarama', '30404'),
('3040501', 'Busoro', '30405'),
('3040502', 'Cyamabuye', '30405'),
('3040503', 'Gatagara', '30405'),
('3040504', 'Gihirwa', '30405'),
('3040505', 'Kadahenda', '30405'),
('3040506', 'Karengera', '30405'),
('3040601', 'Gatovu', '30406'),
('3040602', 'Kintobo', '30406'),
('3040603', 'Nyagisozi', '30406'),
('3040604', 'Nyamugari', '30406'),
('3040605', 'Rukondo', '30406'),
('3040606', 'Ryinyo', '30406'),
('3040701', 'Gasizi', '30407'),
('3040702', 'Jaba', '30407'),
('3040703', 'Kanyove', '30407'),
('3040704', 'Rubaya', '30407'),
('3040705', 'Rugeshi', '30407'),
('3040706', 'Rukoma', '30407'),
('3040707', 'Rurengeri', '30407'),
('3040801', 'Gisizi', '30408'),
('3040802', 'Mulinga', '30408'),
('3040803', 'Mwiyanike', '30408'),
('3040804', 'Nkomane', '30408'),
('3040805', 'Nyamasheke', '30408'),
('3040806', 'Rwantobo', '30408'),
('3040901', 'Birembo', '30409'),
('3040902', 'Guriro', '30409'),
('3040903', 'Kibisabo', '30409'),
('3040904', 'Mutaho', '30409'),
('3040905', 'Nyundo', '30409'),
('3040906', 'Rugamba', '30409'),
('3041001', 'Gakoro', '30410'),
('3041002', 'Marangara', '30410'),
('3041003', 'Nyagahondo', '30410'),
('3041004', 'Nyarutembe', '30410'),
('3041005', 'Rurembo', '30410'),
('3041006', 'Tyazo', '30410'),
('3041101', 'Gahondo', '30411'),
('3041102', 'Gitega', '30411'),
('3041103', 'Kirimbogo', '30411'),
('3041104', 'Murambi', '30411'),
('3041105', 'Mwana', '30411'),
('3041106', 'Rwaza', '30411'),
('3041201', 'Cyimanzovu', '30412'),
('3041202', 'Kanyamitana', '30412'),
('3041203', 'Kintarure', '30412'),
('3041204', 'Mpinga', '30412'),
('3041205', 'Mutanda', '30412'),
('3041206', 'Shaki', '30412'),
('3050101', 'Bungwe', '30501'),
('3050102', 'Cyahafi', '30501'),
('3050103', 'Gashubi', '30501'),
('3050104', 'Kabarondo', '30501'),
('3050105', 'Ruhindage', '30501'),
('3050201', 'Cyome', '30502'),
('3050202', 'Gatsibo', '30502'),
('3050203', 'Kamasiga', '30502'),
('3050204', 'Karambo', '30502'),
('3050205', 'Ruhanga', '30502'),
('3050206', 'Rusumo', '30502'),
('3050301', 'Gatare', '30503'),
('3050302', 'Gatega', '30503'),
('3050303', 'Kajinge', '30503'),
('3050304', 'Marantima', '30503'),
('3050305', 'Rugendabari', '30503'),
('3050306', 'Runyinya', '30503'),
('3050401', 'Busunzu', '30504'),
('3050402', 'Gaseke', '30504'),
('3050403', 'Kabaya', '30504'),
('3050404', 'Mwendo', '30504'),
('3050405', 'Ngoma', '30504'),
('3050406', 'Nyenyeri', '30504'),
('3050501', 'Kageshi', '30505'),
('3050502', 'Kirwa', '30505'),
('3050503', 'Mukore', '30505'),
('3050504', 'Muramba', '30505'),
('3050505', 'Nyamata', '30505'),
('3050506', 'Rwamamara', '30505'),
('3050601', 'Birembo', '30506'),
('3050602', 'Gitwa', '30506'),
('3050603', 'Murinzi', '30506'),
('3050604', 'Nyamugeyo', '30506'),
('3050605', 'Rugeshi', '30506'),
('3050606', 'Tetero', '30506'),
('3050701', 'Binana', '30507'),
('3050702', 'Gitega', '30507'),
('3050703', 'Matare', '30507'),
('3050704', 'Rutare', '30507'),
('3050705', 'Rwamiko', '30507'),
('3050801', 'Bugarura', '30508'),
('3050802', 'Gasiza', '30508'),
('3050803', 'Mashya', '30508'),
('3050804', 'Nganzo', '30508'),
('3050805', 'Ngoma', '30508'),
('3050806', 'Rutagara', '30508'),
('3050901', 'Bweramana', '30509'),
('3050902', 'Mubuga', '30509'),
('3050903', 'Myiha', '30509'),
('3050904', 'Rugogwe', '30509'),
('3050905', 'Rusororo', '30509'),
('3050906', 'Sanza', '30509'),
('3051001', 'Bijyojyo', '30510'),
('3051002', 'Bitabage', '30510'),
('3051003', 'Kabageshi', '30510'),
('3051004', 'Kibanda', '30510'),
('3051005', 'Kinyovi', '30510'),
('3051101', 'Kaseke', '30511'),
('3051102', 'Kazabe', '30511'),
('3051103', 'Mugano', '30511'),
('3051104', 'Nyange', '30511'),
('3051105', 'Rususa', '30511'),
('3051106', 'Torero', '30511'),
('3051201', 'Bambiro', '30512'),
('3051202', 'Gaseke', '30512'),
('3051203', 'Nsibo', '30512'),
('3051204', 'Vuganyana', '30512'),
('3051301', 'Birembo', '30513'),
('3051302', 'Kagano', '30513'),
('3051303', 'Kanyana', '30513'),
('3051304', 'Musenyi', '30513'),
('3051305', 'Nyabipfura', '30513'),
('3051306', 'Rutovu', '30513'),
('3060101', 'Nyange', '30601'),
('3060102', 'Pera', '30601'),
('3060103', 'Ryankana', '30601'),
('3060201', 'Butanda', '30602'),
('3060202', 'Gatereri', '30602'),
('3060203', 'Nyamihanda', '30602'),
('3060204', 'Rwambogo', '30602'),
('3060301', 'Gikungu', '30603'),
('3060302', 'Kiyabo', '30603'),
('3060303', 'Murwa', '30603'),
('3060304', 'Nyamuzi', '30603'),
('3060305', 'Rasano', '30603'),
('3060401', 'Birembo', '30604'),
('3060402', 'Buhokoro', '30604'),
('3060403', 'Kabakobwa', '30604'),
('3060404', 'Kacyuma', '30604'),
('3060405', 'Kamurehe', '30604'),
('3060406', 'Karemereye', '30604'),
('3060407', 'Muti', '30604'),
('3060408', 'Rusayo', '30604'),
('3060501', 'Cyendajuru', '30605'),
('3060502', 'Gakomeye', '30605'),
('3060503', 'Giheke', '30605'),
('3060504', 'Kamashangi', '30605'),
('3060505', 'Kigenge', '30605'),
('3060506', 'Ntura', '30605'),
('3060507', 'Rwega', '30605'),
('3060508', 'Turambi', '30605'),
('3060601', 'Burunga', '30606'),
('3060602', 'Gatsiro', '30606'),
('3060603', 'Gihaya', '30606'),
('3060604', 'Kagara', '30606'),
('3060605', 'Kamatita', '30606'),
('3060606', 'Shagasha', '30606'),
('3060701', 'Kizura', '30607'),
('3060702', 'Mpinga', '30607'),
('3060703', 'Nyamigina', '30607'),
('3060801', 'Cyingwa', '30608'),
('3060802', 'Gahungeri', '30608'),
('3060803', 'Hangabashi', '30608'),
('3060804', 'Mashesha', '30608'),
('3060901', 'Cyangugu', '30609'),
('3060902', 'Gihundwe', '30609'),
('3060903', 'Kamashangi', '30609'),
('3060904', 'Kamurera', '30609'),
('3060905', 'Ruganda', '30609'),
('3061001', 'Cyarukara', '30610'),
('3061002', 'Gakoni', '30610'),
('3061003', 'Shara', '30610'),
('3061101', 'Gahinga', '30611'),
('3061102', 'Kabahinda', '30611'),
('3061103', 'Kabasigirira', '30611'),
('3061104', 'Kagarama', '30611'),
('3061105', 'Karambi', '30611'),
('3061106', 'Miko', '30611'),
('3061107', 'Tara', '30611'),
('3061201', 'Gitwa', '30612'),
('3061202', 'Kamanyenga', '30612'),
('3061203', 'Kangazi', '30612'),
('3061204', 'Kinyaga', '30612'),
('3061205', 'Rugabano', '30612'),
('3061301', 'Bigoga', '30613'),
('3061302', 'Bugarura', '30613'),
('3061303', 'Ishywa', '30613'),
('3061304', 'Kamagimbo', '30613'),
('3061305', 'Rwenje', '30613'),
('3061401', 'Gatare', '30614'),
('3061402', 'Kiziguro', '30614'),
('3061403', 'Mataba', '30614'),
('3061404', 'Ryamuhirwa', '30614'),
('3061501', 'Gasebeya', '30615'),
('3061502', 'Gaseke', '30615'),
('3061503', 'Kamanu', '30615'),
('3061504', 'Kiziho', '30615'),
('3061505', 'Mashyuza', '30615'),
('3061506', 'Nyabintare', '30615'),
('3061601', 'Gatare', '30616'),
('3061602', 'Kabagina', '30616'),
('3061603', 'Kabuye', '30616'),
('3061604', 'Kanoga', '30616'),
('3061605', 'Karangiro', '30616'),
('3061606', 'Murambi', '30616'),
('3061607', 'Rusambu', '30616'),
('3061701', 'Butambamo', '30617'),
('3061702', 'Kigenge', '30617'),
('3061703', 'Murya', '30617'),
('3061704', 'Nyenji', '30617'),
('3061705', 'Rebero', '30617'),
('3061706', 'Rwinzuki', '30617'),
('3061801', 'Karenge', '30618'),
('3061802', 'Muhehwe', '30618'),
('3061803', 'Mushaka', '30618'),
('3061804', 'Rubugu', '30618'),
('3061805', 'Ruganda', '30618'),
('3070101', 'Buvungira', '30701'),
('3070102', 'Mpumbu', '30701'),
('3070103', 'Ngoma', '30701'),
('3070104', 'Nyarusange', '30701'),
('3070201', 'Gasheke', '30702'),
('3070202', 'Impala', '30702'),
('3070203', 'Kagatamu', '30702'),
('3070204', 'Karusimbi', '30702'),
('3070301', 'Bisumo', '30703'),
('3070302', 'Murambi', '30703'),
('3070303', 'Mutongo', '30703'),
('3070304', 'Rugari', '30703'),
('3070401', 'Butare', '30704'),
('3070402', 'Gitwa', '30704'),
('3070403', 'Jarama', '30704'),
('3070404', 'Kibingo', '30704'),
('3070405', 'Mubuga', '30704'),
('3070501', 'Gako', '30705'),
('3070502', 'Mubumbano', '30705'),
('3070503', 'Ninzi', '30705'),
('3070504', 'Rwesero', '30705'),
('3070505', 'Shara', '30705'),
('3070601', 'Kibogora', '30706'),
('3070602', 'Kigarama', '30706'),
('3070603', 'Kigoya', '30706'),
('3070604', 'Raro', '30706'),
('3070605', 'Susa', '30706'),
('3070701', 'Gasovu', '30707'),
('3070702', 'Gitwe', '30707'),
('3070703', 'Kabuga', '30707'),
('3070704', 'Kagarama', '30707'),
('3070705', 'Rushyarara', '30707'),
('3070801', 'Gasayo', '30708'),
('3070802', 'Gashashi', '30708'),
('3070803', 'Higiro', '30708'),
('3070804', 'Miko', '30708'),
('3070805', 'Mwezi', '30708'),
('3070901', 'Cyimpindu', '30709'),
('3070902', 'Karengera', '30709'),
('3070903', 'Muhororo', '30709'),
('3070904', 'Nyarusange', '30709'),
('3071001', 'Gatare', '30710'),
('3071002', 'Mutongo', '30710'),
('3071003', 'Nyakabingo', '30710'),
('3071004', 'Rugari', '30710'),
('3071005', 'Vugangoma', '30710'),
('3071101', 'Gisoke', '30711'),
('3071102', 'Kagarama', '30711'),
('3071103', 'Nyagatare', '30711'),
('3071104', 'Nyakavumu', '30711'),
('3071201', 'Kigabiro', '30712'),
('3071202', 'Kinunga', '30712'),
('3071203', 'Mariba', '30712'),
('3071204', 'Muyange', '30712'),
('3071205', 'Ntango', '30712'),
('3071301', 'Banda', '30713'),
('3071302', 'Gakenke', '30713'),
('3071303', 'Jurwe', '30713'),
('3071304', 'Murambi', '30713'),
('3071401', 'Kanazi', '30714'),
('3071402', 'Ntendezi', '30714'),
('3071403', 'Save', '30714'),
('3071404', 'Wimana', '30714'),
('3071501', 'Burimba', '30715'),
('3071502', 'Mataba', '30715'),
('3071503', 'Mugera', '30715'),
('3071504', 'Nyamugari', '30715'),
('3071505', 'Shangi', '30715'),
('4010101', 'Cyohoha', '40101'),
('4010102', 'Gitare', '40101'),
('4010103', 'Rwamahwa', '40101'),
('4010201', 'Butangampundu', '40102'),
('4010202', 'Karengeri', '40102'),
('4010203', 'Taba', '40102'),
('4010301', 'Gasiza', '40103'),
('4010302', 'Giko', '40103'),
('4010303', 'Kayenzi', '40103'),
('4010304', 'Mukoto', '40103'),
('4010305', 'Nyirangarama', '40103'),
('4010401', 'Busoro', '40104'),
('4010402', 'Butare', '40104'),
('4010403', 'Gahororo', '40104'),
('4010404', 'Gitumba', '40104'),
('4010405', 'Karama', '40104'),
('4010406', 'Mwumba', '40104'),
('4010407', 'Ndarage', '40104'),
('4010501', 'Budakiranya', '40105'),
('4010502', 'Migendezo', '40105'),
('4010503', 'Rudogo', '40105'),
('4010601', 'Burehe', '40106'),
('4010602', 'Marembo', '40106'),
('4010603', 'Rwili', '40106'),
('4010701', 'Butunzi', '40107'),
('4010702', 'Karegamazi', '40107'),
('4010703', 'Marembo', '40107'),
('4010704', 'Rebero', '40107'),
('4010801', 'Gitatsa', '40108'),
('4010802', 'Kamushenyi', '40108'),
('4010803', 'Kigarama', '40108'),
('4010804', 'Mubuga', '40108'),
('4010805', 'Murama', '40108'),
('4010806', 'Sayo', '40108'),
('4010901', 'Kabuga', '40109'),
('4010902', 'Kigarama', '40109'),
('4010903', 'Kivugiza', '40109'),
('4010904', 'Nyamyumba', '40109'),
('4010905', 'Shengampuli', '40109'),
('4011001', 'Bukoro', '40110'),
('4011002', 'Mushari', '40110'),
('4011003', 'Ngiramazi', '40110'),
('4011004', 'Rurenge', '40110'),
('4011101', 'Bubangu', '40111'),
('4011102', 'Gatwa', '40111'),
('4011103', 'Mugambazi', '40111'),
('4011104', 'Mvuzo', '40111'),
('4011201', 'Kabuga', '40112'),
('4011202', 'Karambo', '40112'),
('4011203', 'Mugote', '40112'),
('4011204', 'Munyarwanda', '40112'),
('4011301', 'Kajevuba', '40113'),
('4011302', 'Kiyanza', '40113'),
('4011303', 'Mahaza', '40113'),
('4011401', 'Buraro', '40114'),
('4011402', 'Bwimo', '40114'),
('4011403', 'Mberuka', '40114'),
('4011404', 'Mbuye', '40114'),
('4011501', 'Gako', '40115'),
('4011502', 'Kirenge', '40115'),
('4011503', 'Taba', '40115'),
('4011601', 'Bugaragara', '40116'),
('4011602', 'Kijabagwe', '40116'),
('4011603', 'Muvumu', '40116'),
('4011604', 'Rubona', '40116'),
('4011605', 'Rutonde', '40116'),
('4011701', 'Barari', '40117'),
('4011702', 'Gahabwa', '40117'),
('4011703', 'Misezero', '40117'),
('4011704', 'Nyirabirori', '40117'),
('4011705', 'Taba', '40117'),
('4020101', 'Birambo ', '40201'),
('4020102', 'Butereri ', '40201'),
('4020103', 'Byibuhiro ', '40201'),
('4020104', 'Kamina ', '40201'),
('4020105', 'Kirabo ', '40201'),
('4020106', 'Mwumba ', '40201'),
('4020107', 'Ruhanga ', '40201'),
('4020201', 'Kiruku ', '40202'),
('4020202', 'Mbirima ', '40202'),
('4020203', 'Nyange ', '40202'),
('4020204', 'Nyanza ', '40202'),
('4020301', 'Muhaza ', '40203'),
('4020302', 'Muhororo ', '40203'),
('4020303', 'Muramba ', '40203'),
('4020304', 'Mutanda ', '40203'),
('4020305', 'Rukore ', '40203'),
('4020401', 'Buheta ', '40204'),
('4020402', 'Kagoma ', '40204'),
('4020403', 'Nganzo ', '40204'),
('4020404', 'Rusagara ', '40204'),
('4020501', 'Nyacyina ', '40205'),
('4020502', 'Rukura ', '40205'),
('4020503', 'Rutabo ', '40205'),
('4020504', 'Rutenderi ', '40205'),
('4020505', 'Taba ', '40205'),
('4020601', 'Gakindo ', '40206'),
('4020602', 'Gashyamba ', '40206'),
('4020603', 'Gatwa ', '40206'),
('4020604', 'Karukungu ', '40206'),
('4020701', 'Kamubuga ', '40207'),
('4020702', 'Kidomo ', '40207'),
('4020703', 'Mbatabata ', '40207'),
('4020704', 'Rukore ', '40207'),
('4020801', 'Kanyanza ', '40208'),
('4020802', 'Karambo ', '40208'),
('4020803', 'Kirebe ', '40208'),
('4020901', 'Cyintare ', '40209'),
('4020902', 'Gasiza ', '40209'),
('4020903', 'Rugimbu ', '40209'),
('4020904', 'Ruhinga ', '40209'),
('4020905', 'Sereri ', '40209'),
('4021001', 'Buyange ', '40210'),
('4021002', 'Gikombe ', '40210'),
('4021003', 'Nyundo ', '40210'),
('4021101', 'Gasiho ', '40211'),
('4021102', 'Munyana ', '40211'),
('4021103', 'Murambi ', '40211'),
('4021104', 'Raba ', '40211'),
('4021201', 'Gahinga ', '40212'),
('4021202', 'Munyana ', '40212'),
('4021203', 'Mutego ', '40212'),
('4021204', 'Nkomane ', '40212'),
('4021205', 'Rutabo ', '40212'),
('4021206', 'Rutenderi ', '40212'),
('4021207', 'Rwamambe ', '40212'),
('4021301', 'Busake', '40213'),
('4021302', 'Bwenda', '40213'),
('4021303', 'Gasiza ', '40213'),
('4021304', 'Gihinga ', '40213'),
('4021305', 'Huro ', '40213'),
('4021306', 'Musagara ', '40213'),
('4021307', 'Musenyi ', '40213'),
('4021308', 'Ruganda ', '40213'),
('4021309', 'Rwinkuba ', '40213'),
('4021401', 'Bumba ', '40214'),
('4021402', 'Gisiza ', '40214'),
('4021403', 'Karyango ', '40214'),
('4021404', 'Nganzo ', '40214'),
('4021405', 'Va ', '40214'),
('4021501', 'Kabatezi ', '40215'),
('4021502', 'Kiryamo ', '40215'),
('4021503', 'Mubuga ', '40215'),
('4021504', 'Mwiyando ', '40215'),
('4021505', 'Rwa ', '40215'),
('4021601', 'Buranga ', '40216'),
('4021602', 'Gahinga ', '40216'),
('4021603', 'Gisozi ', '40216'),
('4021604', 'Mucaca ', '40216'),
('4021701', 'Busoro ', '40217'),
('4021702', 'Gikingo ', '40217'),
('4021703', 'Jango ', '40217'),
('4021704', 'Ruli ', '40217'),
('4021705', 'Rwesero ', '40217'),
('4021801', 'Gataba ', '40218'),
('4021802', 'Kamonyi ', '40218'),
('4021803', 'Murambi ', '40218'),
('4021804', 'Nyundo ', '40218'),
('4021805', 'Rumbi ', '40218'),
('4021806', 'Rurembo ', '40218'),
('4021901', 'Burimba ', '40219'),
('4021902', 'Busanane ', '40219'),
('4021903', 'Joma ', '40219'),
('4021904', 'Kageyo ', '40219'),
('4021905', 'Mbogo ', '40219'),
('4021906', 'Razi ', '40219'),
('4021907', 'Rwankuba ', '40219'),
('4021908', 'Shyombwe ', '40219'),
('4030101', 'Gisesero', '40301'),
('4030102', 'Kavumu', '40301'),
('4030103', 'Nyagisozi', '40301'),
('4030104', 'Sahara', '40301'),
('4030201', 'Bukinanyana', '40302'),
('4030202', 'Buruba', '40302'),
('4030203', 'Cyanya', '40302'),
('4030204', 'Kabeza', '40302'),
('4030205', 'Migeshi', '40302'),
('4030206', 'Rwebeya', '40302'),
('4030301', 'Gakoro', '40303'),
('4030302', 'Gasakuza', '40303'),
('4030303', 'Kabirizi', '40303'),
('4030304', 'Karwasa', '40303'),
('4030401', 'Kigabiro', '40304'),
('4030402', 'Kivumu', '40304'),
('4030403', 'Mbwe', '40304'),
('4030404', 'Muharuro', '40304'),
('4030501', 'Mudakama', '40305'),
('4030502', 'Murago', '40305'),
('4030503', 'Rubindi', '40305'),
('4030504', 'Rungu', '40305'),
('4030601', 'Birira', '40306'),
('4030602', 'Buramira', '40306'),
('4030603', 'Kivumu', '40306'),
('4030604', 'Mbizi', '40306'),
('4030701', 'Bisoke', '40307'),
('4030702', 'Kaguhu', '40307'),
('4030703', 'Kampanga', '40307'),
('4030704', 'Nyabigoma', '40307'),
('4030705', 'Nyonirima', '40307'),
('4030801', 'Cyabararika', '40308'),
('4030802', 'Kigombe', '40308'),
('4030803', 'Mpenge', '40308'),
('4030804', 'Ruhengeri', '40308'),
('4030901', 'Cyivugiza', '40309'),
('4030902', 'Cyogo', '40309'),
('4030903', 'Mburabuturo', '40309'),
('4030904', 'Songa', '40309'),
('4031001', 'Cyabagarura', '40310'),
('4031002', 'Garuka', '40310'),
('4031003', 'Kabazungu', '40310'),
('4031004', 'Nyarubuye', '40310'),
('4031005', 'Rwambogo', '40310'),
('4031101', 'Bikara', '40311'),
('4031102', 'Gashinga', '40311'),
('4031103', 'Mubago', '40311'),
('4031104', 'Rugeshi', '40311'),
('4031105', 'Ruyumba', '40311'),
('4031201', 'Cyivugiza', '40312'),
('4031202', 'Kabeza', '40312'),
('4031203', 'Kamwumba', '40312'),
('4031204', 'Muhabura', '40312'),
('4031205', 'Ninda', '40312'),
('4031301', 'Gasongero', '40313'),
('4031302', 'Kamisave', '40313'),
('4031303', 'Murandi', '40313'),
('4031304', 'Murwa', '40313'),
('4031305', 'Rurambo', '40313'),
('4031401', 'Bumara', '40314'),
('4031402', 'Kabushinge', '40314'),
('4031403', 'Musezero', '40314'),
('4031404', 'Nturo', '40314'),
('4031405', 'Nyarubuye', '40314'),
('4031501', 'Gakingo', '40315'),
('4031502', 'Kibuguzo', '40315'),
('4031503', 'Mudende', '40315'),
('4031504', 'Mugari', '40315'),
('4040101', 'Bungwe', '40401'),
('4040102', 'Bushenya', '40401'),
('4040103', 'Mudugari', '40401'),
('4040104', 'Tumba', '40401'),
('4040201', 'Gatsibo', '40402'),
('4040202', 'Mubuga', '40402'),
('4040203', 'Muhotora', '40402'),
('4040204', 'Nyamicucu', '40402'),
('4040205', 'Rusumo', '40402'),
('4040301', 'Gasiza', '40403'),
('4040302', 'Gisovu', '40403'),
('4040303', 'Kabyiniro', '40403'),
('4040304', 'Kagitega', '40403'),
('4040305', 'Kamanyana', '40403'),
('4040306', 'Nyagahinga', '40403'),
('4040401', 'Butare', '40404'),
('4040402', 'Ndongozi', '40404'),
('4040403', 'Ruyange', '40404'),
('4040501', 'Buramba', '40405'),
('4040502', 'Gisizi', '40405'),
('4040503', 'Kidakama', '40405'),
('4040504', 'Nyangwe', '40405'),
('4040505', 'Rwasa', '40405'),
('4040601', 'Gabiro', '40406'),
('4040602', 'Musenda', '40406'),
('4040603', 'Rwambogo', '40406'),
('4040604', 'Rwasa', '40406'),
('4040701', 'Mariba', '40407'),
('4040702', 'Musasa', '40407'),
('4040703', 'Runoga', '40407'),
('4040801', 'Kabaya', '40408'),
('4040802', 'Kayenzi', '40408'),
('4040803', 'Kiringa', '40408'),
('4040804', 'Nyamabuye', '40408'),
('4040901', 'Gafuka', '40409'),
('4040902', 'Nkenke', '40409'),
('4040903', 'Nkumba', '40409'),
('4040904', 'Ntaruka', '40409'),
('4041001', 'Bugamba', '40410'),
('4041002', 'Kaganda', '40410'),
('4041003', 'Musasa', '40410'),
('4041004', 'Rutovu', '40410'),
('4041101', 'Bukwashuri', '40411'),
('4041102', 'Gashanje', '40411'),
('4041103', 'Murwa', '40411'),
('4041104', 'Nyirataba', '40411'),
('4041201', 'Kivumu', '40412'),
('4041202', 'Nyamugari', '40412'),
('4041203', 'Rubona', '40412'),
('4041204', 'Rushara', '40412'),
('4041301', 'Cyahi', '40413'),
('4041302', 'Gafumba', '40413'),
('4041303', 'Karangara', '40413'),
('4041304', 'Rurembo', '40413'),
('4041401', 'Kilibata', '40414'),
('4041402', 'Mucaca', '40414'),
('4041403', 'Nyanamo', '40414'),
('4041404', 'Rukandabyuma', '40414'),
('4041501', 'Gaseke', '40415'),
('4041502', 'Gatare', '40415'),
('4041503', 'Gitovu', '40415'),
('4041504', 'Rusekera', '40415'),
('4041601', 'Kabona', '40416'),
('4041602', 'Ndago', '40416'),
('4041603', 'Ruhanga', '40416'),
('4041701', 'Gacundura', '40417'),
('4041702', 'Gashoro', '40417'),
('4041703', 'Ruconsho', '40417'),
('4041704', 'Rugari', '40417'),
('4050101', 'Karenge', '40501'),
('4050102', 'Kigabiro', '40501'),
('4050103', 'Kivumu', '40501'),
('4050104', 'Rwesero', '40501'),
('4050201', 'Bwisige', '40502'),
('4050202', 'Gihuke', '40502'),
('4050203', 'Mukono', '40502'),
('4050204', 'Nyabushingitwa', '40502'),
('4050301', 'Gacurabwenge', '40503'),
('4050302', 'Gisuna', '40503'),
('4050303', 'Kibali', '40503'),
('4050304', 'Kivugiza', '40503'),
('4050305', 'Murama', '40503'),
('4050306', 'Ngondore', '40503'),
('4050307', 'Nyakabungo', '40503'),
('4050308', 'Nyamabuye', '40503'),
('4050309', 'Nyarutarama', '40503'),
('4050401', 'Gasunzu', '40504'),
('4050402', 'Muhambo', '40504'),
('4050403', 'Nyakabungo', '40504'),
('4050404', 'Nyambare', '40504'),
('4050405', 'Nyaruka', '40504'),
('4050406', 'Rwankonjo', '40504'),
('4050501', 'Gatobotobo', '40505'),
('4050502', 'Murehe', '40505'),
('4050503', 'Tanda', '40505'),
('4050601', 'Gihembe', '40506'),
('4050602', 'Horezo', '40506'),
('4050603', 'Kabuga', '40506'),
('4050604', 'Muhondo', '40506'),
('4050605', 'Nyamiyaga', '40506'),
('4050701', 'Bugomba', '40507'),
('4050702', 'Gatoma', '40507'),
('4050703', 'Mulindi', '40507'),
('4050704', 'Nyarwambu', '40507'),
('4050705', 'Rukurura', '40507'),
('4050801', 'Kabuga', '40508'),
('4050802', 'Nyiragifumba', '40508'),
('4050803', 'Nyiravugiza', '40508'),
('4050804', 'Remera', '40508'),
('4050805', 'Rusekera', '40508'),
('4050806', 'Ryaruyumba', '40508'),
('4050901', 'Gakenke', '40509'),
('4050902', 'Miyove', '40509'),
('4050903', 'Mubuga', '40509'),
('4051001', 'Cyamuganga', '40510'),
('4051002', 'Gatenga', '40510'),
('4051003', 'Kiruhura', '40510'),
('4051004', 'Mutarama', '40510'),
('4051005', 'Rugerero', '40510'),
('4051006', 'Rusambya', '40510'),
('4051101', 'Cyamuhinda', '40511'),
('4051102', 'Kigoma', '40511'),
('4051103', 'Mwendo', '40511'),
('4051104', 'Ngange', '40511'),
('4051105', 'Rebero', '40511'),
('4051201', 'Gaseke', '40512'),
('4051202', 'Kabeza', '40512'),
('4051203', 'Musenyi', '40512'),
('4051204', 'Mutandi', '40512'),
('4051205', 'Nyarubuye', '40512'),
('4051301', 'Gahumuliza', '40513'),
('4051302', 'Jamba', '40513'),
('4051303', 'Kabeza', '40513'),
('4051304', 'Kabuga', '40513'),
('4051305', 'Karambo', '40513'),
('4051306', 'Kiziba', '40513');
INSERT INTO `cells` (`codecell`, `nameCell`, `sectorcode`) VALUES
('4051307', 'Mataba', '40513'),
('4051401', 'Butare', '40514'),
('4051402', 'Kigogo', '40514'),
('4051403', 'Kinishya', '40514'),
('4051404', 'Rusasa', '40514'),
('4051405', 'Rutete', '40514'),
('4051406', 'Rwagihura', '40514'),
('4051407', 'Yaramba', '40514'),
('4051501', 'Gihanga', '40515'),
('4051502', 'Gishambashayo', '40515'),
('4051503', 'Gishari', '40515'),
('4051504', 'Muguramo', '40515'),
('4051505', 'Nyamiyaga', '40515'),
('4051601', 'Cyeya', '40516'),
('4051602', 'Cyuru', '40516'),
('4051603', 'Gisiza', '40516'),
('4051604', 'Kinyami', '40516'),
('4051605', 'Mabare', '40516'),
('4051606', 'Munyinya', '40516'),
('4051701', 'Gitega', '40517'),
('4051702', 'Kamutora', '40517'),
('4051703', 'Karurama', '40517'),
('4051801', 'Bikumba', '40518'),
('4051802', 'Gasharu', '40518'),
('4051803', 'Gatwaro', '40518'),
('4051804', 'Kigabiro', '40518'),
('4051805', 'Munanira', '40518'),
('4051806', 'Nkoto', '40518'),
('4051901', 'Cyandaro', '40519'),
('4051902', 'Gasambya', '40519'),
('4051903', 'Gashirira', '40519'),
('4051904', 'Kabare', '40519'),
('4051905', 'Rebero', '40519'),
('4051906', 'Ruhondo', '40519'),
('4052001', 'Cyeru', '40520'),
('4052002', 'Kigabiro', '40520'),
('4052003', 'Nyagahinga', '40520'),
('4052101', 'Bushara', '40521'),
('4052102', 'Kitazigurwa', '40521'),
('4052103', 'Nyabishambi', '40521'),
('4052104', 'Nyabubare', '40521'),
('4052105', 'Shangasha', '40521'),
('5010101', 'Mununu', '50101'),
('5010102', 'Nyagasambu', '50101'),
('5010103', 'Nyakagunga', '50101'),
('5010104', 'Nyamirama', '50101'),
('5010105', 'Nyarubuye', '50101'),
('5010106', 'Sasabirago', '50101'),
('5010201', 'Gihumuza', '50102'),
('5010202', 'Kagezi', '50102'),
('5010203', 'Kanyangese', '50102'),
('5010204', 'Kibare', '50102'),
('5010205', 'Mutamwa', '50102'),
('5010206', 'Rugarama', '50102'),
('5010207', 'Runyinya', '50102'),
('5010208', 'Rweri', '50102'),
('5010301', 'Binunga', '50103'),
('5010302', 'Bwinsanga', '50103'),
('5010303', 'Cyinyana', '50103'),
('5010304', 'Gati', '50103'),
('5010305', 'Kavumu', '50103'),
('5010306', 'Ruhimbi', '50103'),
('5010307', 'Ruhunda', '50103'),
('5010401', 'Bicaca', '50104'),
('5010402', 'Byimana', '50104'),
('5010403', 'Kabasore', '50104'),
('5010404', 'Kangamba', '50104'),
('5010405', 'Karenge', '50104'),
('5010406', 'Nyabubare', '50104'),
('5010407', 'Nyamatete', '50104'),
('5010501', 'Bwiza', '50105'),
('5010502', 'Cyanya', '50105'),
('5010503', 'Nyagasenyi', '50105'),
('5010504', 'Sibagire', '50105'),
('5010505', 'Sovu', '50105'),
('5010601', 'Byeza', '50106'),
('5010602', 'Kabare', '50106'),
('5010603', 'Karambi', '50106'),
('5010604', 'Karitutu', '50106'),
('5010605', 'Kitazigurwa', '50106'),
('5010606', 'Murambi', '50106'),
('5010607', 'Nsinda', '50106'),
('5010608', 'Ntebe', '50106'),
('5010609', 'Nyarusange', '50106'),
('5010701', 'Kaduha', '50107'),
('5010702', 'Nkungu', '50107'),
('5010703', 'Rweru', '50107'),
('5010704', 'Zinga', '50107'),
('5010801', 'Binunga', '50108'),
('5010802', 'Bwana', '50108'),
('5010803', 'Cyarukamba', '50108'),
('5010804', 'Cyimbazi', '50108'),
('5010805', 'Nkomangwa', '50108'),
('5010806', 'Nyarubuye', '50108'),
('5010901', 'Akabare', '50109'),
('5010902', 'Budahanda', '50109'),
('5010903', 'Kagarama', '50109'),
('5010904', 'Musha', '50109'),
('5010905', 'Nyabisindu', '50109'),
('5010906', 'Nyakabanda', '50109'),
('5011001', 'Akinyambo', '50110'),
('5011002', 'Bujyujyu', '50110'),
('5011003', 'Murehe', '50110'),
('5011004', 'Ntebe', '50110'),
('5011005', 'Nyarukombe', '50110'),
('5011101', 'Bicumbi', '50111'),
('5011102', 'Bushenyi', '50111'),
('5011103', 'Mwulire', '50111'),
('5011104', 'Ntunga', '50111'),
('5011201', 'Bihembe', '50112'),
('5011202', 'Gatare', '50112'),
('5011203', 'Gishore', '50112'),
('5011204', 'Munini', '50112'),
('5011205', 'Rwimbogo', '50112'),
('5011301', 'Akanzu', '50113'),
('5011302', 'Kigarama', '50113'),
('5011303', 'Murama', '50113'),
('5011304', 'Rugarama', '50113'),
('5011401', 'Byinza', '50114'),
('5011402', 'Kabatasi', '50114'),
('5011403', 'Kabuye', '50114'),
('5011404', 'Karambi', '50114'),
('5011405', 'Mabare', '50114'),
('5011406', 'Nawe', '50114'),
('5020101', 'Cyagaju', '50201'),
('5020102', 'Kabeza', '50201'),
('5020103', 'Nyamikamba', '50201'),
('5020104', 'Nyamirembe', '50201'),
('5020105', 'Nyangara', '50201'),
('5020106', 'Nyarurema', '50201'),
('5020107', 'Rwensheke', '50201'),
('5020201', 'Bushara', '50202'),
('5020202', 'Cyenkwanzi', '50202'),
('5020203', 'Gikagati', '50202'),
('5020204', 'Gikundamvura', '50202'),
('5020205', 'Kabuga', '50202'),
('5020206', 'Ndego', '50202'),
('5020207', 'Nyakiga', '50202'),
('5020301', 'Kamate', '50203'),
('5020302', 'Karama', '50203'),
('5020303', 'Kizirakome', '50203'),
('5020304', 'Mbare', '50203'),
('5020305', 'Musenyi', '50203'),
('5020306', 'Ndama', '50203'),
('5020307', 'Nyagashanga', '50203'),
('5020308', 'Nyamirama', '50203'),
('5020309', 'Rubagabaga', '50203'),
('5020310', 'Rwenyemera', '50203'),
('5020311', 'Rwisirabo', '50203'),
('5020401', 'Bayigaburire', '50204'),
('5020402', 'Kaduha', '50204'),
('5020403', 'Kanyeganyege', '50204'),
('5020404', 'Katabagemu', '50204'),
('5020405', 'Kigarama', '50204'),
('5020406', 'Nyakigando', '50204'),
('5020407', 'Rubira', '50204'),
('5020408', 'Rugazi', '50204'),
('5020409', 'Rutoma', '50204'),
('5020501', 'Gataba', '50205'),
('5020502', 'Gitenga', '50205'),
('5020503', 'Kabungo', '50205'),
('5020504', 'Karambo', '50205'),
('5020505', 'Karujumba', '50205'),
('5020506', 'Tovu', '50205'),
('5020601', 'Bwera', '50206'),
('5020602', 'Byimana', '50206'),
('5020603', 'Cyembogo', '50206'),
('5020604', 'Kagitumba', '50206'),
('5020605', 'Kanyonza', '50206'),
('5020606', 'Matimba', '50206'),
('5020607', 'Nyabwishongwezi', '50206'),
('5020608', 'Rwentanga', '50206'),
('5020701', 'Bibare', '50207'),
('5020702', 'Gakoma', '50207'),
('5020703', 'Mahoro', '50207'),
('5020704', 'Mimuri', '50207'),
('5020705', 'Rugari', '50207'),
('5020801', 'Bufunda', '50208'),
('5020802', 'Gatete', '50208'),
('5020803', 'Gihengeri', '50208'),
('5020804', 'Gishororo', '50208'),
('5020805', 'Kagina', '50208'),
('5020806', 'Rugarama', '50208'),
('5020901', 'Kibirizi', '50209'),
('5020902', 'Kijojo', '50209'),
('5020903', 'Musheri', '50209'),
('5020904', 'Ntoma', '50209'),
('5020905', 'Nyagatabire', '50209'),
('5020906', 'Nyamiyonga', '50209'),
('5020907', 'Rugarama I', '50209'),
('5020908', 'Rugarama Ii', '50209'),
('5021001', 'Barija', '50210'),
('5021002', 'Bushoga', '50210'),
('5021003', 'Cyabayaga', '50210'),
('5021004', 'Gakirage', '50210'),
('5021005', 'Kamagiri', '50210'),
('5021006', 'Nsheke', '50210'),
('5021007', 'Nyagatare', '50210'),
('5021008', 'Rutaraka', '50210'),
('5021009', 'Ryabega', '50210'),
('5021101', 'Gahurura', '50211'),
('5021102', 'Gashenyi', '50211'),
('5021103', 'Nyakagarama', '50211'),
('5021104', 'Rukomo Ii', '50211'),
('5021105', 'Rurenge', '50211'),
('5021201', 'Cyenjonjo', '50212'),
('5021202', 'Gasinga', '50212'),
('5021203', 'Kabare', '50212'),
('5021204', 'Kazaza', '50212'),
('5021205', 'Mishenyi', '50212'),
('5021206', 'Rugarama', '50212'),
('5021207', 'Rukorota', '50212'),
('5021208', 'Rutare', '50212'),
('5021209', 'Rwempasha', '50212'),
('5021210', 'Ryeru', '50212'),
('5021301', 'Gacundezi', '50213'),
('5021302', 'Kabeza', '50213'),
('5021303', 'Kirebe', '50213'),
('5021304', 'Ntoma', '50213'),
('5021305', 'Nyarupfubire', '50213'),
('5021306', 'Nyendo', '50213'),
('5021307', 'Rutungu', '50213'),
('5021308', 'Rwimiyaga', '50213'),
('5021401', 'Gishuro', '50214'),
('5021402', 'Gitengure', '50214'),
('5021403', 'Nkoma', '50214'),
('5021404', 'Nyabitekeri', '50214'),
('5021405', 'Nyagatoma', '50214'),
('5021406', 'Shonga', '50214'),
('5021407', 'Tabagwe', '50214'),
('5030101', 'Kigabiro', '50301'),
('5030102', 'Kimana', '50301'),
('5030103', 'Teme', '50301'),
('5030104', 'Viro', '50301'),
('5030201', 'Gatsibo', '50302'),
('5030202', 'Manishya', '50302'),
('5030203', 'Mugera', '50302'),
('5030204', 'Nyabicwamba', '50302'),
('5030205', 'Nyagahanga', '50302'),
('5030301', 'Bukomane', '50303'),
('5030302', 'Cyabusheshe', '50303'),
('5030303', 'Karubungo', '50303'),
('5030304', 'Mpondwa', '50303'),
('5030305', 'Nyamirama', '50303'),
('5030306', 'Rubira', '50303'),
('5030401', 'Kabarore', '50304'),
('5030402', 'Kabeza', '50304'),
('5030403', 'Karenge', '50304'),
('5030404', 'Marimba', '50304'),
('5030405', 'Nyabikiri', '50304'),
('5030406', 'Simbwa', '50304'),
('5030501', 'Busetsa', '50305'),
('5030502', 'Gituza', '50305'),
('5030503', 'Kintu', '50305'),
('5030504', 'Nyagisozi', '50305'),
('5030601', 'Akabuga', '50306'),
('5030602', 'Gakenke', '50306'),
('5030603', 'Gakoni', '50306'),
('5030604', 'Nyabisindu', '50306'),
('5030701', 'Agakomeye', '50307'),
('5030702', 'Mbogo', '50307'),
('5030703', 'Ndatemwa', '50307'),
('5030704', 'Rubona', '50307'),
('5030801', 'Bibare', '50308'),
('5030802', 'Gakorokombe', '50308'),
('5030803', 'Mamfu', '50308'),
('5030804', 'Rumuli', '50308'),
('5030805', 'Taba', '50308'),
('5030901', 'Murambi', '50309'),
('5030902', 'Nyamiyaga', '50309'),
('5030903', 'Rwankuba', '50309'),
('5030904', 'Rwimitereri', '50309'),
('5031001', 'Bugamba', '50310'),
('5031002', 'Karambi', '50310'),
('5031003', 'Kigasha', '50310'),
('5031004', 'Ngarama', '50310'),
('5031005', 'Nyarubungo', '50310'),
('5031101', 'Gitinda', '50311'),
('5031102', 'Kibare', '50311'),
('5031103', 'Mayange', '50311'),
('5031104', 'Murambi', '50311'),
('5031105', 'Nyagitabire', '50311'),
('5031106', 'Nyamirama', '50311'),
('5031201', 'Bushobora', '50312'),
('5031202', 'Butiruka', '50312'),
('5031203', 'Kigabiro', '50312'),
('5031204', 'Nyagakombe', '50312'),
('5031205', 'Rurenge', '50312'),
('5031206', 'Rwarenga', '50312'),
('5031301', 'Bugarama', '50313'),
('5031302', 'Gihuta', '50313'),
('5031303', 'Kanyangese', '50313'),
('5031304', 'Matare', '50313'),
('5031305', 'Matunguru', '50313'),
('5031306', 'Remera', '50313'),
('5031401', 'Kiburara', '50314'),
('5031402', 'Munini', '50314'),
('5031403', 'Nyamatete', '50314'),
('5031404', 'Rwikiniro', '50314'),
('5040101', 'Juru', '50401'),
('5040102', 'Kahi', '50401'),
('5040103', 'Kiyenzi', '50401'),
('5040104', 'Urugarama', '50401'),
('5040201', 'Cyarubare', '50402'),
('5040202', 'Gitara', '50402'),
('5040203', 'Kirehe', '50402'),
('5040204', 'Rubimba', '50402'),
('5040205', 'Rubumba', '50402'),
('5040301', 'Cyabajwa', '50403'),
('5040302', 'Cyinzovu', '50403'),
('5040303', 'Kabura', '50403'),
('5040304', 'Rusera', '50403'),
('5040401', 'Bwiza', '50404'),
('5040402', 'Kayonza', '50404'),
('5040403', 'Mburabuturo', '50404'),
('5040404', 'Nyagatovu', '50404'),
('5040405', 'Rugendabari', '50404'),
('5040501', 'Bunyentongo', '50405'),
('5040502', 'Muko', '50405'),
('5040503', 'Murama', '50405'),
('5040504', 'Nyakanazi', '50405'),
('5040505', 'Rusave', '50405'),
('5040601', 'Buhabwa', '50406'),
('5040602', 'Karambi', '50406'),
('5040603', 'Murundi', '50406'),
('5040604', 'Ryamanyoni', '50406'),
('5040701', 'Kageyo', '50407'),
('5040702', 'Migera', '50407'),
('5040703', 'Nyamugari', '50407'),
('5040704', 'Nyawera', '50407'),
('5040801', 'Byimana', '50408'),
('5040802', 'Isangano', '50408'),
('5040803', 'Karambi', '50408'),
('5040804', 'Kiyovu', '50408'),
('5040901', 'Gikaya', '50409'),
('5040902', 'Musumba', '50409'),
('5040903', 'Rurambi', '50409'),
('5040904', 'Shyogo', '50409'),
('5041001', 'Kawangire', '50410'),
('5041002', 'Rukara', '50410'),
('5041003', 'Rwimishinya', '50410'),
('5041101', 'Bugambira', '50411'),
('5041102', 'Nkamba', '50411'),
('5041103', 'Ruyonza', '50411'),
('5041104', 'Umubuga', '50411'),
('5041201', 'Gihinga', '50412'),
('5041202', 'Mbarara', '50412'),
('5041203', 'Mukoyoyo', '50412'),
('5041204', 'Nkondo ', '50412'),
('5050101', 'Butezi', '50501'),
('5050102', 'Muhamba', '50501'),
('5050103', 'Murehe', '50501'),
('5050104', 'Nyagasenyi', '50501'),
('5050105', 'Nyakagezi', '50501'),
('5050106', 'Rubimba', '50501'),
('5050201', 'Curazo', '50502'),
('5050202', 'Cyunuzi', '50502'),
('5050203', 'Muganza', '50502'),
('5050204', 'Nyamiryango', '50502'),
('5050205', 'Rwabutazi', '50502'),
('5050206', 'Rwantonde', '50502'),
('5050301', 'Cyanya', '50503'),
('5050302', 'Kigarama', '50503'),
('5050303', 'Kiremera', '50503'),
('5050304', 'Nyakerera', '50503'),
('5050305', 'Nyankurazo', '50503'),
('5050401', 'Gatarama', '50504'),
('5050402', 'Rugarama', '50504'),
('5050403', 'Ruhanga', '50504'),
('5050404', 'Rwanteru', '50504'),
('5050501', 'Gahama', '50505'),
('5050502', 'Kirehe', '50505'),
('5050503', 'Nyabigega', '50505'),
('5050504', 'Nyabikokora', '50505'),
('5050505', 'Rwesero', '50505'),
('5050601', 'Kamombo', '50506'),
('5050602', 'Mwoga', '50506'),
('5050603', 'Saruhembe', '50506'),
('5050604', 'Umunini', '50506'),
('5050701', 'Bwiyorere', '50507'),
('5050702', 'Kankobwa', '50507'),
('5050703', 'Mpanga', '50507'),
('5050704', 'Mushongi', '50507'),
('5050705', 'Nasho', '50507'),
('5050706', 'Nyakabungo', '50507'),
('5050707', 'Rubaya', '50507'),
('5050801', 'Gasarabwayi', '50508'),
('5050802', 'Kabuga', '50508'),
('5050803', 'Mubuga', '50508'),
('5050804', 'Musaza', '50508'),
('5050805', 'Nganda ', '50508'),
('5050901', 'Bisagara', '50509'),
('5050902', 'Cyamigurwa', '50509'),
('5050903', 'Rugarama', '50509'),
('5050904', 'Rwanyamuhanga', '50509'),
('5050905', 'Rwayikona', '50509'),
('5051001', 'Cyambwe', '50510'),
('5051002', 'Kagese', '50510'),
('5051003', 'Ntaruka', '50510'),
('5051004', 'Rubirizi', '50510'),
('5051005', 'Rugoma', '50510'),
('5051101', 'Bukora', '50511'),
('5051102', 'Kagasa', '50511'),
('5051103', 'Kazizi', '50511'),
('5051104', 'Kiyanzi', '50511'),
('5051105', 'Nyamugari', '50511'),
('5051201', 'Mareba', '50512'),
('5051202', 'Nyabitare', '50512'),
('5051203', 'Nyarutunga', '50512'),
('5060101', 'Cyerwa', '50601'),
('5060102', 'Giseri', '50601'),
('5060103', 'Munege', '50601'),
('5060104', 'Mutsindo', '50601'),
('5060201', 'Ihanika', '50602'),
('5060202', 'Jarama', '50602'),
('5060203', 'Karenge', '50602'),
('5060204', 'Kibimba', '50602'),
('5060205', 'Kigoma', '50602'),
('5060301', 'Akaziba', '50603'),
('5060302', 'Karaba', '50603'),
('5060303', 'Nyamirambo', '50603'),
('5060401', 'Birenga', '50604'),
('5060402', 'Gahurire', '50604'),
('5060403', 'Karama', '50604'),
('5060404', 'Kinyonzo', '50604'),
('5060405', 'Umukamba', '50604'),
('5060501', 'Cyasemakamba', '50605'),
('5060502', 'Gahima', '50605'),
('5060503', 'Gatonde', '50605'),
('5060504', 'Karenge', '50605'),
('5060505', 'Mahango', '50605'),
('5060601', 'Akabungo', '50606'),
('5060602', 'Mugatare', '50606'),
('5060603', 'Ntanga', '50606'),
('5060604', 'Nyamugari', '50606'),
('5060605', 'Nyange', '50606'),
('5060701', 'Gitaraga', '50607'),
('5060702', 'Kigabiro', '50607'),
('5060703', 'Mvumba', '50607'),
('5060704', 'Rurenge', '50607'),
('5060705', 'Sakara', '50607'),
('5060801', 'Karwema', '50608'),
('5060802', 'Kibare', '50608'),
('5060803', 'Mutenderi', '50608'),
('5060804', 'Muzingira', '50608'),
('5060805', 'Nyagasozi', '50608'),
('5060901', 'Bugera', '50609'),
('5060902', 'Kinunga', '50609'),
('5060903', 'Ndekwe', '50609'),
('5060904', 'Nyamagana', '50609'),
('5061001', 'Buliba', '50610'),
('5061002', 'Kibatsi', '50610'),
('5061003', 'Nyaruvumu', '50610'),
('5061004', 'Nyinya', '50610'),
('5061101', 'Gituza', '50611'),
('5061102', 'Ntovi', '50611'),
('5061103', 'Rubago', '50611'),
('5061104', 'Rubona', '50611'),
('5061105', 'Rwintashya', '50611'),
('5061201', 'Akagarama', '50612'),
('5061202', 'Muhurire', '50612'),
('5061203', 'Musya', '50612'),
('5061204', 'Rugese', '50612'),
('5061205', 'Rujambara', '50612'),
('5061206', 'Rwikubo', '50612'),
('5061301', 'Gafunzo', '50613'),
('5061302', 'Kibonde', '50613'),
('5061303', 'Nkanga', '50613'),
('5061304', 'Rukoma', '50613'),
('5061401', 'Nyagasozi', '50614'),
('5061402', 'Nyagatugunda', '50614'),
('5061403', 'Ruhembe', '50614'),
('5061404', 'Ruhinga', '50614'),
('5070101', 'Biryogo', '50701'),
('5070102', 'Kabuye', '50701'),
('5070103', 'Kagomasi', '50701'),
('5070104', 'Mwendo', '50701'),
('5070105', 'Ramiro', '50701'),
('5070201', 'Juru', '50702'),
('5070202', 'Kabukuba', '50702'),
('5070203', 'Mugorore', '50702'),
('5070204', 'Musovu', '50702'),
('5070205', 'Rwinume', '50702'),
('5070301', 'Biharagu', '50703'),
('5070302', 'Burenge', '50703'),
('5070303', 'Kampeka', '50703'),
('5070304', 'Nyakayaga', '50703'),
('5070305', 'Tunda', '50703'),
('5070401', 'Bushenyi', '50704'),
('5070402', 'Gakomeye', '50704'),
('5070403', 'Nyamigina', '50704'),
('5070404', 'Rango', '50704'),
('5070405', 'Rugarama', '50704'),
('5070501', 'Gakamba', '50705'),
('5070502', 'Kagenge', '50705'),
('5070503', 'Kibenga', '50705'),
('5070504', 'Kibirizi', '50705'),
('5070505', 'Mbyo', '50705'),
('5070601', 'Gicaca', '50706'),
('5070602', 'Musenyi', '50706'),
('5070603', 'Nyagihunika', '50706'),
('5070604', 'Rulindo', '50706'),
('5070701', 'Bitaba', '50707'),
('5070702', 'Kagasa', '50707'),
('5070703', 'Rugunga', '50707'),
('5070704', 'Rurenge', '50707'),
('5070801', 'Gihembe', '50708'),
('5070802', 'Murama', '50708'),
('5070803', 'Ngeruka', '50708'),
('5070804', 'Nyakayenzi', '50708'),
('5070805', 'Rutonde', '50708'),
('5070901', 'Cyugaro', '50709'),
('5070902', 'Kanzenze', '50709'),
('5070903', 'Kibungo', '50709'),
('5071001', 'Kanazi', '50710'),
('5071002', 'Kayumba', '50710'),
('5071003', 'Maranyundo', '50710'),
('5071004', 'Murama', '50710'),
('5071005', 'Nyamata Y Umujyi', '50710'),
('5071101', 'Gihinga', '50711'),
('5071102', 'Kabuye', '50711'),
('5071103', 'Murambi', '50711'),
('5071104', 'Ngenda', '50711'),
('5071105', 'Rugando', '50711'),
('5071201', 'Kabeza', '50712'),
('5071202', 'Karera', '50712'),
('5071203', 'Kimaranzara', '50712'),
('5071204', 'Ntarama', '50712'),
('5071205', 'Nyabagendwa', '50712'),
('5071301', 'Bihari', '50713'),
('5071302', 'Gatanga', '50713'),
('5071303', 'Gikundamvura', '50713'),
('5071304', 'Kindama', '50713'),
('5071305', 'Ruhuha', '50713'),
('5071401', 'Batima', '50714'),
('5071402', 'Kintambwe', '50714'),
('5071403', 'Mazane', '50714'),
('5071404', 'Nemba', '50714'),
('5071405', 'Nkanga', '50714'),
('5071406', 'Sharita', '50714'),
('5071501', 'Kabagugu', '50715'),
('5071502', 'Kamabuye', '50715'),
('5071503', 'Nziranziza', '50715'),
('5071504', 'Rebero', '50715'),
('5071505', 'Rutare', '50715');

-- --------------------------------------------------------

--
-- Table structure for table `districts`
--

CREATE TABLE `districts` (
  `districtcode` varchar(50) NOT NULL,
  `namedistrict` varchar(50) NOT NULL,
  `provincecode` varchar(50) NOT NULL
) ENGINE=InnoDB DEFAULT CHARSET=latin1;

--
-- Dumping data for table `districts`
--

INSERT INTO `districts` (`districtcode`, `namedistrict`, `provincecode`) VALUES
('101', 'NYARUGENGE', '1'),
('102', 'GASABO', '1'),
('103', 'KICUKIRO', '1'),
('201', 'NYANZA', '2'),
('202', 'GISAGARA', '2'),
('203', 'NYARUGURU', '2'),
('204', 'HUYE', '2'),
('205', 'NYAMAGABE', '2'),
('206', 'RUHANGO', '2'),
('207', 'MUHANGA', '2'),
('208', 'KAMONYI', '2'),
('301', 'KARONGI', '3'),
('302', 'RUTSIRO', '3'),
('303', 'RUBAVU', '3'),
('304', 'NYABIHU', '3'),
('305', 'NGORORERO', '3'),
('306', 'RUSIZI', '3'),
('307', 'NYAMASHEKE', '3'),
('401', 'RULINDO', '4'),
('402', 'GAKENKE', '4'),
('403', 'MUSANZE', '4'),
('404', 'BURERA', '4'),
('405', 'GICUMBI', '4'),
('501', 'RWAMAGANA', '5'),
('502', 'NYAGATARE', '5'),
('503', 'GATSIBO', '5'),
('504', 'KAYONZA', '5'),
('505', 'KIREHE', '5'),
('506', 'NGOMA', '5'),
('507', 'BUGESERA', '5');

-- --------------------------------------------------------

--
-- Table structure for table `provinces`
--

CREATE TABLE `provinces` (
  `provincecode` int(11) NOT NULL,
  `provincename` varchar(64) NOT NULL
) ENGINE=InnoDB DEFAULT CHARSET=latin1;

--
-- Dumping data for table `provinces`
--

INSERT INTO `provinces` (`provincecode`, `provincename`) VALUES
(1, 'Kigali City'),
(2, 'South Province'),
(3, 'Western Province'),
(4, 'NorthProvince'),
(5, 'East Province');

-- --------------------------------------------------------

--
-- Table structure for table `sectors`
--

CREATE TABLE `sectors` (
  `sectorcode` varchar(50) NOT NULL,
  `namesector` varchar(50) NOT NULL,
  `districtcode` varchar(50) NOT NULL
) ENGINE=InnoDB DEFAULT CHARSET=latin1;

--
-- Dumping data for table `sectors`
--

INSERT INTO `sectors` (`sectorcode`, `namesector`, `districtcode`) VALUES
('10101', 'Gitega', '101'),
('10102', 'Kanyinya', '101'),
('10103', 'Kigali', '101'),
('10104', 'Kimisagara', '101'),
('10105', 'Mageragere', '101'),
('10106', 'Muhima', '101'),
('10107', 'Nyakabanda', '101'),
('10108', 'Nyamirambo', '101'),
('10109', 'Nyarugenge', '101'),
('10110', 'Rwezamenyo', '101'),
('10201', 'Bumbogo', '102'),
('10202', 'Gatsata', '102'),
('10203', 'Gikomero', '102'),
('10204', 'Gisozi', '102'),
('10205', 'Jabana', '102'),
('10206', 'Jali', '102'),
('10207', 'Kacyiru', '102'),
('10208', 'Kimihurura', '102'),
('10209', 'Kimironko', '102'),
('10210', 'Kinyinya', '102'),
('10211', 'Ndera', '102'),
('10212', 'Nduba', '102'),
('10213', 'Remera', '102'),
('10214', 'Rusororo', '102'),
('10215', 'Rutunga', '102'),
('10301', 'Gahanga', '103'),
('10302', 'Gatenga', '103'),
('10303', 'Gikondo', '103'),
('10304', 'Kagarama', '103'),
('10305', 'Kanombe', '103'),
('10306', 'Kicukiro', '103'),
('10307', 'Kigarama', '103'),
('10308', 'Masaka', '103'),
('10309', 'Niboye', '103'),
('10310', 'Nyarugunga', '103'),
('20101', 'Busasamana', '201'),
('20102', 'Busoro', '201'),
('20103', 'Cyabakamyi', '201'),
('20104', 'Kibilizi', '201'),
('20105', 'Kigoma', '201'),
('20106', 'Mukingo', '201'),
('20107', 'Muyira', '201'),
('20108', 'Ntyazo', '201'),
('20109', 'Nyagisozi', '201'),
('20110', 'Rwabicuma', '201'),
('20201', 'Gikonko', '202'),
('20202', 'Gishubi', '202'),
('20203', 'Kansi', '202'),
('20204', 'Kibirizi', '202'),
('20205', 'Kigembe', '202'),
('20206', 'Mamba', '202'),
('20207', 'Muganza', '202'),
('20208', 'Mugombwa', '202'),
('20209', 'Mukindo', '202'),
('20210', 'Musha', '202'),
('20211', 'Ndora', '202'),
('20212', 'Nyanza', '202'),
('20213', 'Save', '202'),
('20301', 'Busanze', '203'),
('20302', 'Cyahinda', '203'),
('20303', 'Kibeho', '203'),
('20304', 'Kivu', '203'),
('20305', 'Mata', '203'),
('20306', 'Muganza', '203'),
('20307', 'Munini', '203'),
('20308', 'Ngera', '203'),
('20309', 'Ngoma', '203'),
('20310', 'Nyabimata', '203'),
('20311', 'Nyagisozi', '203'),
('20312', 'Ruheru', '203'),
('20313', 'Ruramba', '203'),
('20314', 'Rusenge', '203'),
('20401', 'Gishamvu', '204'),
('20402', 'Huye', '204'),
('20403', 'Karama', '204'),
('20404', 'Kigoma', '204'),
('20405', 'Kinazi', '204'),
('20406', 'Maraba', '204'),
('20407', 'Mbazi', '204'),
('20408', 'Mukura', '204'),
('20409', 'Ngoma', '204'),
('20410', 'Ruhashya', '204'),
('20411', 'Rusatira', '204'),
('20412', 'Rwaniro', '204'),
('20413', 'Simbi', '204'),
('20414', 'Tumba', '204'),
('20501', 'Buruhukiro', '205'),
('20502', 'Cyanika', '205'),
('20503', 'Gasaka', '205'),
('20504', 'Gatare', '205'),
('20505', 'Kaduha', '205'),
('20506', 'Kamegeri', '205'),
('20507', 'Kibirizi', '205'),
('20508', 'Kibumbwe', '205'),
('20509', 'Kitabi', '205'),
('20510', 'Mbazi', '205'),
('20511', 'Mugano', '205'),
('20512', 'Musange', '205'),
('20513', 'Musebeya', '205'),
('20514', 'Mushubi', '205'),
('20515', 'Nkomane', '205'),
('20516', 'Tare', '205'),
('20517', 'Uwinkingi', '205'),
('20601', 'Bweramana', '206'),
('20602', 'Byimana', '206'),
('20603', 'Kabagali', '206'),
('20604', 'Kinazi', '206'),
('20605', 'Kinihira', '206'),
('20606', 'Mbuye', '206'),
('20607', 'Mwendo', '206'),
('20608', 'Ntongwe', '206'),
('20609', 'Ruhango', '206'),
('20701', 'Cyeza', '207'),
('20702', 'Kabacuzi', '207'),
('20703', 'Kibangu', '207'),
('20704', 'Kiyumba', '207'),
('20705', 'Muhanga', '207'),
('20706', 'Mushishiro', '207'),
('20707', 'Nyabinoni', '207'),
('20708', 'Nyamabuye', '207'),
('20709', 'Nyarusange', '207'),
('20710', 'Rongi', '207'),
('20711', 'Rugendabari', '207'),
('20712', 'Shyogwe', '207'),
('20801', 'Gacurabwenge', '208'),
('20802', 'Karama', '208'),
('20803', 'Kayenzi', '208'),
('20804', 'Kayumbu', '208'),
('20805', 'Mugina', '208'),
('20806', 'Musambira', '208'),
('20807', 'Ngamba', '208'),
('20808', 'Nyamiyaga', '208'),
('20809', 'Nyarubaka', '208'),
('20810', 'Rugarika', '208'),
('20811', 'Rukoma', '208'),
('20812', 'Runda', '208'),
('30101', 'Bwishyura', '301'),
('30102', 'Gashari', '301'),
('30103', 'Gishyita', '301'),
('30104', 'Gitesi', '301'),
('30105', 'Mubuga', '301'),
('30106', 'Murambi', '301'),
('30107', 'Murundi', '301'),
('30108', 'Mutuntu', '301'),
('30109', 'Rubengera', '301'),
('30110', 'Rugabano', '301'),
('30111', 'Ruganda', '301'),
('30112', 'Rwankuba', '301'),
('30113', 'Twumba', '301'),
('30201', 'Boneza', '302'),
('30202', 'Gihango', '302'),
('30203', 'Kigeyo', '302'),
('30204', 'Kivumu', '302'),
('30205', 'Manihira', '302'),
('30206', 'Mukura', '302'),
('30207', 'Murunda', '302'),
('30208', 'Musasa', '302'),
('30209', 'Mushonyi', '302'),
('30210', 'Mushubati', '302'),
('30211', 'Nyabirasi', '302'),
('30212', 'Ruhango', '302'),
('30213', 'Rusebeya', '302'),
('30301', 'Bugeshi', '303'),
('30302', 'Busasamana', '303'),
('30303', 'Cyanzarwe', '303'),
('30304', 'Gisenyi', '303'),
('30305', 'Kanama', '303'),
('30306', 'Kanzenze', '303'),
('30307', 'Mudende', '303'),
('30308', 'Nyakiriba', '303'),
('30309', 'Nyamyumba', '303'),
('30310', 'Nyundo', '303'),
('30311', 'Rubavu', '303'),
('30312', 'Rugerero', '303'),
('30401', 'Bigogwe', '304'),
('30402', 'Jenda', '304'),
('30403', 'Jomba', '304'),
('30404', 'Kabatwa', '304'),
('30405', 'Karago', '304'),
('30406', 'Kintobo', '304'),
('30407', 'Mukamira', '304'),
('30408', 'Muringa', '304'),
('30409', 'Rambura', '304'),
('30410', 'Rugera', '304'),
('30411', 'Rurembo', '304'),
('30412', 'Shyira', '304'),
('30501', 'BWIRA', '305'),
('30502', 'GATUMBA', '305'),
('30503', 'HINDIRO', '305'),
('30504', 'KABAYA', '305'),
('30505', 'KAGEYO', '305'),
('30506', 'KAVUMU', '305'),
('30507', 'MATYAZO', '305'),
('30508', 'MUHANDA', '305'),
('30509', 'MUHORORO', '305'),
('30510', 'NDARO', '305'),
('30511', 'NGORORERO', '305'),
('30512', 'NYANGE', '305'),
('30513', 'SOVU', '305'),
('30601', 'Bugarama', '306'),
('30602', 'Butare', '306'),
('30603', 'Bweyeye', '306'),
('30604', 'Gashonga', '306'),
('30605', 'Giheke', '306'),
('30606', 'Gihundwe', '306'),
('30607', 'Gikundamvura', '306'),
('30608', 'Gitambi', '306'),
('30609', 'Kamembe', '306'),
('30610', 'Muganza', '306'),
('30611', 'Mururu', '306'),
('30612', 'Nkanka', '306'),
('30613', 'Nkombo', '306'),
('30614', 'Nkungu', '306'),
('30615', 'Nyakabuye', '306'),
('30616', 'Nyakarenzo', '306'),
('30617', 'Nzahaha', '306'),
('30618', 'Rwimbogo', '306'),
('30701', 'Bushekeri', '307'),
('30702', 'Bushenge', '307'),
('30703', 'Cyato', '307'),
('30704', 'Gihombo', '307'),
('30705', 'Kagano', '307'),
('30706', 'Kanjongo', '307'),
('30707', 'Karambi', '307'),
('30708', 'Karengera', '307'),
('30709', 'Kirimbi', '307'),
('30710', 'Macuba', '307'),
('30711', 'Mahembe', '307'),
('30712', 'Nyabitekeri', '307'),
('30713', 'Rangiro', '307'),
('30714', 'Ruharambuga', '307'),
('30715', 'Shangi', '307'),
('40101', 'BASE', '401'),
('40102', 'BUREGA', '401'),
('40103', 'BUSHOKI', '401'),
('40104', 'BUYOGA', '401'),
('40105', 'CYINZUZI', '401'),
('40106', 'CYUNGO', '401'),
('40107', 'KINIHIRA', '401'),
('40108', 'KISARO', '401'),
('40109', 'MASORO', '401'),
('40110', 'MBOGO', '401'),
('40111', 'MURAMBI', '401'),
('40112', 'NGOMA', '401'),
('40113', 'NTARABANA', '401'),
('40114', 'RUKOZO', '401'),
('40115', 'RUSIGA', '401'),
('40116', 'SHYORONGI', '401'),
('40117', 'TUMBA', '401'),
('40201', 'Busengo ', '402'),
('40202', 'Coko ', '402'),
('40203', 'Cyabingo ', '402'),
('40204', 'Gakenke ', '402'),
('40205', 'Gashenyi ', '402'),
('40206', 'Janja ', '402'),
('40207', 'Kamubuga ', '402'),
('40208', 'Karambo ', '402'),
('40209', 'Kivuruga ', '402'),
('40210', 'Mataba ', '402'),
('40211', 'Minazi ', '402'),
('40212', 'Mugunga ', '402'),
('40213', 'Muhondo ', '402'),
('40214', 'Muyongwe ', '402'),
('40215', 'Muzo ', '402'),
('40216', 'Nemba ', '402'),
('40217', 'Ruli ', '402'),
('40218', 'Rusasa ', '402'),
('40219', 'Rushashi ', '402'),
('40301', 'Busogo', '403'),
('40302', 'Cyuve', '403'),
('40303', 'Gacaca', '403'),
('40304', 'Gashaki', '403'),
('40305', 'Gataraga', '403'),
('40306', 'Kimonyi', '403'),
('40307', 'Kinigi', '403'),
('40308', 'Muhoza', '403'),
('40309', 'Muko', '403'),
('40310', 'Musanze', '403'),
('40311', 'Nkotsi', '403'),
('40312', 'Nyange', '403'),
('40313', 'Remera', '403'),
('40314', 'Rwaza', '403'),
('40315', 'Shingiro', '403'),
('40401', 'Bungwe', '404'),
('40402', 'Butaro', '404'),
('40403', 'Cyanika', '404'),
('40404', 'Cyeru', '404'),
('40405', 'Gahunga', '404'),
('40406', 'Gatebe', '404'),
('40407', 'Gitovu', '404'),
('40408', 'Kagogo', '404'),
('40409', 'Kinoni', '404'),
('40410', 'Kinyababa', '404'),
('40411', 'Kivuye', '404'),
('40412', 'Nemba', '404'),
('40413', 'Rugarama', '404'),
('40414', 'Rugengabari', '404'),
('40415', 'Ruhunde', '404'),
('40416', 'Rusarabuye', '404'),
('40417', 'Rwerere', '404'),
('40501', 'Bukure', '405'),
('40502', 'Bwisige', '405'),
('40503', 'Byumba', '405'),
('40504', 'Cyumba', '405'),
('40505', 'Giti', '405'),
('40506', 'Kageyo', '405'),
('40507', 'Kaniga', '405'),
('40508', 'Manyagiro', '405'),
('40509', 'Miyove', '405'),
('40510', 'Mukarange', '405'),
('40511', 'Muko', '405'),
('40512', 'Mutete', '405'),
('40513', 'Nyamiyaga', '405'),
('40514', 'Nyankenke', '405'),
('40515', 'Rubaya', '405'),
('40516', 'Rukomo', '405'),
('40517', 'Rushaki', '405'),
('40518', 'Rutare', '405'),
('40519', 'Ruvune', '405'),
('40520', 'Rwamiko', '405'),
('40521', 'Shangasha', '405'),
('50101', 'Fumbwe', '501'),
('50102', 'Gahengeri', '501'),
('50103', 'Gishali', '501'),
('50104', 'Karenge', '501'),
('50105', 'Kigabiro', '501'),
('50106', 'Muhazi', '501'),
('50107', 'Munyaga', '501'),
('50108', 'Munyiginya', '501'),
('50109', 'Musha', '501'),
('50110', 'Muyumbu', '501'),
('50111', 'Mwulire', '501'),
('50112', 'Nyakaliro', '501'),
('50113', 'Nzige', '501'),
('50114', 'Rubona', '501'),
('50201', 'GATUNDA', '502'),
('50202', 'KARAMA', '502'),
('50203', 'KARANGAZI', '502'),
('50204', 'KATABAGEMU', '502'),
('50205', 'KIYOMBE', '502'),
('50206', 'MATIMBA', '502'),
('50207', 'MIMURI', '502'),
('50208', 'MUKAMA', '502'),
('50209', 'MUSHERI', '502'),
('50210', 'NYAGATARE', '502'),
('50211', 'RUKOMO', '502'),
('50212', 'RWEMPASHA', '502'),
('50213', 'RWIMIYAGA', '502'),
('50214', 'TABAGWE', '502'),
('50301', 'Gasange', '503'),
('50302', 'Gatsibo', '503'),
('50303', 'Gitoki', '503'),
('50304', 'Kabarore', '503'),
('50305', 'Kageyo', '503'),
('50306', 'Kiramuruzi', '503'),
('50307', 'Kiziguro', '503'),
('50308', 'Muhura', '503'),
('50309', 'Murambi', '503'),
('50310', 'Ngarama', '503'),
('50311', 'Nyagihanga', '503'),
('50312', 'Remera', '503'),
('50313', 'Rugarama', '503'),
('50314', 'Rwimbogo', '503'),
('50401', 'Gahini', '504'),
('50402', 'Kabare', '504'),
('50403', 'Kabarondo', '504'),
('50404', 'Mukarange', '504'),
('50405', 'Murama', '504'),
('50406', 'Murundi', '504'),
('50407', 'Mwiri', '504'),
('50408', 'Ndego', '504'),
('50409', 'Nyamirama', '504'),
('50410', 'Rukara', '504'),
('50411', 'Ruramira', '504'),
('50412', 'Rwinkwavu', '504'),
('50501', 'Gahara', '505'),
('50502', 'Gatore', '505'),
('50503', 'Kigarama', '505'),
('50504', 'Kigina', '505'),
('50505', 'Kirehe', '505'),
('50506', 'Mahama', '505'),
('50507', 'Mpanga', '505'),
('50508', 'Musaza', '505'),
('50509', 'Mushikiri', '505'),
('50510', 'Nasho', '505'),
('50511', 'Nyamugari', '505'),
('50512', 'Nyarubuye', '505'),
('50601', 'Gashanda', '506'),
('50602', 'Jarama', '506'),
('50603', 'Karembo', '506'),
('50604', 'Kazo', '506'),
('50605', 'Kibungo', '506'),
('50606', 'Mugesera', '506'),
('50607', 'Murama', '506'),
('50608', 'Mutenderi', '506'),
('50609', 'Remera', '506'),
('50610', 'Rukira', '506'),
('50611', 'Rukumberi', '506'),
('50612', 'Rurenge', '506'),
('50613', 'Sake', '506'),
('50614', 'Zaza', '506'),
('50701', 'Gashora', '507'),
('50702', 'Juru', '507'),
('50703', 'Kamabuye', '507'),
('50704', 'Mareba', '507'),
('50705', 'Mayange', '507'),
('50706', 'Musenyi', '507'),
('50707', 'Mwogo', '507'),
('50708', 'Ngeruka', '507'),
('50709', 'Ntarama', '507'),
('50710', 'Nyamata', '507'),
('50711', 'Nyarugenge', '507'),
('50712', 'Ririma', '507'),
('50713', 'Ruhuha', '507'),
('50714', 'Rweru', '507'),
('50715', 'Shyara', '507');

-- --------------------------------------------------------

--
-- Table structure for table `tbladmin`
--

CREATE TABLE `tbladmin` (
  `ID` int(10) NOT NULL,
  `AdminName` varchar(200) DEFAULT NULL,
  `UserName` varchar(120) DEFAULT NULL,
  `MobileNumber` varchar(255) DEFAULT NULL,
  `Email` varchar(120) DEFAULT NULL,
  `Password` varchar(200) DEFAULT NULL,
  `AdminRegdate` timestamp NULL DEFAULT current_timestamp()
) ENGINE=InnoDB DEFAULT CHARSET=utf8mb4;

--
-- Dumping data for table `tbladmin`
--

INSERT INTO `tbladmin` (`ID`, `AdminName`, `UserName`, `MobileNumber`, `Email`, `Password`, `AdminRegdate`) VALUES
(1, 'Administrator', 'admin', '0788888888', 'adminuser@gmail.com', '202cb962ac59075b964b07152d234b70', '2021-07-30 19:05:09');

-- --------------------------------------------------------

--
-- Table structure for table `tblapplication`
--

CREATE TABLE `tblapplication` (
  `ID` int(10) NOT NULL,
  `UserID` int(5) NOT NULL,
  `ApplicationID` varchar(200) DEFAULT NULL,
  `DateofBirth` date DEFAULT NULL,
  `DateOfDeath` date DEFAULT NULL,
  `Gender` varchar(50) DEFAULT NULL,
  `FullName` varchar(200) DEFAULT NULL,
  `PlaceofBirth` int(11) DEFAULT NULL,
  `PlaceOfDeath` int(11) DEFAULT NULL,
  `NameofFather` varchar(200) DEFAULT NULL,
  `NameOfMother` varchar(255) DEFAULT NULL,
  `Spouse` varchar(255) DEFAULT NULL,
  `IDNumber` varchar(255) DEFAULT NULL,
  `MobileNumber` varchar(255) DEFAULT NULL,
  `CellId` int(11) DEFAULT NULL,
  `Dateofapply` timestamp NULL DEFAULT current_timestamp(),
  `UserRemark` text DEFAULT NULL,
  `Remark` varchar(200) DEFAULT NULL,
  `Status` varchar(50) DEFAULT NULL,
  `UpdationDate` timestamp NULL DEFAULT NULL ON UPDATE current_timestamp()
) ENGINE=InnoDB DEFAULT CHARSET=utf8mb4;

--
-- Dumping data for table `tblapplication`
--

INSERT INTO `tblapplication` (`ID`, `UserID`, `ApplicationID`, `DateofBirth`, `DateOfDeath`, `Gender`, `FullName`, `PlaceofBirth`, `PlaceOfDeath`, `NameofFather`, `NameOfMother`, `Spouse`, `IDNumber`, `MobileNumber`, `CellId`, `Dateofapply`, `UserRemark`, `Remark`, `Status`, `UpdationDate`) VALUES
(1, 1, '712971692', '2017-01-02', '2021-07-31', 'Male', 'john pombe', 1021401, 2010803, 'magupa', 'maguma', 'maguche', '235390820', '0755443322', 2010803, '2021-07-31 13:25:38', 'caused by cancer', 'approved', 'Verified', '2021-07-31 21:50:04'),
(3, 5, '772497467', '2017-02-14', '2021-07-31', 'Male', 'nkurunziza paul', 2040401, 2060601, 'magupa', 'maguma', 'maguche', '232525252', '35535353', 2060601, '2021-07-31 21:48:20', 'die of HIV/AIDS', 'not full info', 'Rejected', '2021-07-31 21:51:29'),
(4, 1, '268598639', '2019-01-02', '2021-07-21', 'Female', 'mutoni aline', 2040201, 1020201, 'magupa', 'maguma', '', '12345678', '0721234567', 1020201, '2021-07-31 22:49:11', 'die of covid', 'verified', 'Verified', '2021-07-31 22:51:38');

-- --------------------------------------------------------

--
-- Table structure for table `tbluser`
--

CREATE TABLE `tbluser` (
  `ID` int(10) NOT NULL,
  `FirstName` varchar(200) DEFAULT NULL,
  `LastName` varchar(200) DEFAULT NULL,
  `MobileNumber` varchar(255) DEFAULT NULL,
  `Address` mediumtext DEFAULT NULL,
  `Password` varchar(200) NOT NULL,
  `RegDate` timestamp NULL DEFAULT current_timestamp()
) ENGINE=InnoDB DEFAULT CHARSET=utf8mb4;

--
-- Dumping data for table `tbluser`
--

INSERT INTO `tbluser` (`ID`, `FirstName`, `LastName`, `MobileNumber`, `Address`, `Password`, `RegDate`) VALUES
(1, 'john', 'doe', '0755443322', 'muhima', '202cb962ac59075b964b07152d234b70', '2021-07-10 11:26:29'),
(2, 'jane', 'doe', '0780674459', 'kimisagara', '202cb962ac59075b964b07152d234b70', '2021-07-11 11:27:35'),
(3, 'papa', 'doe', '0722334455', 'gatsata', '202cb962ac59075b964b07152d234b70', '2021-07-19 08:12:21'),
(4, 'mama', 'doe', '0711223344', 'nyamirambo', 'e744f57da9e5a4bb6ec8ba3bc0ad3e4e', '2021-07-31 00:32:29'),
(5, 'valentine', 'izabayo', '0788991122', 'muhima kn 44 st', 'e744f57da9e5a4bb6ec8ba3bc0ad3e4e', '2021-07-31 18:16:38');

--
-- Indexes for dumped tables
--

--
-- Indexes for table `cells`
--
ALTER TABLE `cells`
  ADD PRIMARY KEY (`codecell`);

--
-- Indexes for table `districts`
--
ALTER TABLE `districts`
  ADD PRIMARY KEY (`districtcode`);

--
-- Indexes for table `provinces`
--
ALTER TABLE `provinces`
  ADD PRIMARY KEY (`provincecode`);

--
-- Indexes for table `sectors`
--
ALTER TABLE `sectors`
  ADD PRIMARY KEY (`sectorcode`);

--
-- Indexes for table `tbladmin`
--
ALTER TABLE `tbladmin`
  ADD PRIMARY KEY (`ID`);

--
-- Indexes for table `tblapplication`
--
ALTER TABLE `tblapplication`
  ADD PRIMARY KEY (`ID`);

--
-- Indexes for table `tbluser`
--
ALTER TABLE `tbluser`
  ADD PRIMARY KEY (`ID`);

--
-- AUTO_INCREMENT for dumped tables
--

--
-- AUTO_INCREMENT for table `provinces`
--
ALTER TABLE `provinces`
  MODIFY `provincecode` int(11) NOT NULL AUTO_INCREMENT, AUTO_INCREMENT=6;

--
-- AUTO_INCREMENT for table `tbladmin`
--
ALTER TABLE `tbladmin`
  MODIFY `ID` int(10) NOT NULL AUTO_INCREMENT, AUTO_INCREMENT=2;

--
-- AUTO_INCREMENT for table `tblapplication`
--
ALTER TABLE `tblapplication`
  MODIFY `ID` int(10) NOT NULL AUTO_INCREMENT, AUTO_INCREMENT=5;

--
-- AUTO_INCREMENT for table `tbluser`
--
ALTER TABLE `tbluser`
  MODIFY `ID` int(10) NOT NULL AUTO_INCREMENT, AUTO_INCREMENT=6;
COMMIT;

/*!40101 SET CHARACTER_SET_CLIENT=@OLD_CHARACTER_SET_CLIENT */;
/*!40101 SET CHARACTER_SET_RESULTS=@OLD_CHARACTER_SET_RESULTS */;
/*!40101 SET COLLATION_CONNECTION=@OLD_COLLATION_CONNECTION */;
